"","STATION","lat","long","elevation","2012_precip_yr","2012_temp_yr","2012_temp_min_yr","2012_temp_max_yr","2012_wind_yr","2012_snow_yr","2013_precip_yr","2013_temp_yr","2013_temp_min_yr","2013_temp_max_yr","2013_wind_yr","2013_snow_yr","2014_precip_yr","2014_temp_yr","2014_temp_min_yr","2014_temp_max_yr","2014_wind_yr","2014_snow_yr","2015_precip_yr","2015_temp_yr","2015_temp_min_yr","2015_temp_max_yr","2015_wind_yr","2015_snow_yr","2016_precip_yr","2016_temp_yr","2016_temp_min_yr","2016_temp_max_yr","2016_wind_yr","2016_snow_yr","2017_precip_yr","2017_temp_yr","2017_temp_min_yr","2017_temp_max_yr","2017_wind_yr","2017_snow_yr","2018_precip_yr","2018_temp_yr","2018_temp_min_yr","2018_temp_max_yr","2018_wind_yr","2018_snow_yr"
"1","US1ILCK0012",41.755,-87.8173,188.1,0.09882096069869,NA,NA,NA,NA,0,0.0961878453038674,NA,NA,NA,NA,0.1109375,0.147749287749288,NA,NA,NA,NA,0.238524590163934,0.120358126721763,NA,NA,NA,NA,0.19253112033195,0.10878453038674,NA,NA,NA,NA,0.0984375,0.109418282548476,NA,NA,NA,NA,0.143617021276596,0.099,NA,NA,NA,NA,1.00357142857143
"2","US1ILCK0014",41.8008,-87.5903,182.9,0.109547325102881,NA,NA,NA,NA,0.00318471337579618,0.141784702549575,NA,NA,NA,NA,0.11070110701107,0.13378223495702,NA,NA,NA,NA,0.232075471698113,0.140977011494253,NA,NA,NA,NA,0.0797653958944282,0.127638888888889,NA,NA,NA,NA,0.0601123595505618,0.134367816091954,NA,NA,NA,NA,0.027299703264095,0.107062937062937,NA,NA,NA,NA,0.184285714285714
"3","US1ILCK0023",41.8149,-87.8696,198.1,0.0771153846153846,NA,NA,NA,NA,0,NA,NA,NA,NA,NA,NA,NA,NA,NA,NA,NA,NA,NA,NA,NA,NA,NA,NA,NA,NA,NA,NA,NA,NA,NA,NA,NA,NA,NA,NA,NA,NA,NA,NA,NA,NA
"4","US1ILCK0032",41.9266,-87.6562,185.9,0.445142857142857,NA,NA,NA,NA,NA,0.68,NA,NA,NA,NA,NA,0.573030303030303,NA,NA,NA,NA,NA,0.56,NA,NA,NA,NA,NA,0.591764705882353,NA,NA,NA,NA,0,0.648409090909091,NA,NA,NA,NA,NA,0.628,NA,NA,NA,NA,NA
"5","US1ILCK0036",41.886,-87.621,191.1,0.0809565217391304,NA,NA,NA,NA,0,0.0760322580645161,NA,NA,NA,NA,0,0.0811575562700965,NA,NA,NA,NA,0,0.0596026490066225,NA,NA,NA,NA,0,0.067459807073955,NA,NA,NA,NA,0,0.0908794788273616,NA,NA,NA,NA,0,0.0622556390977444,NA,NA,NA,NA,0
"6","US1ILCK0042",42.0962,-87.8967,199,0.0668181818181818,NA,NA,NA,NA,0.00575539568345324,0.118222996515679,NA,NA,NA,NA,0.124757281553398,0.110610169491525,NA,NA,NA,NA,0.175773195876289,0.11,NA,NA,NA,NA,0.116756756756757,0.098628762541806,NA,NA,NA,NA,0.0598039215686275,0.0841830065359477,NA,NA,NA,NA,0.0504464285714286,0.116384615384615,NA,NA,NA,NA,0.197
"7","US1ILCK0045",42.092,-87.8416,206,0.0193333333333333,NA,NA,NA,NA,0,NA,NA,NA,NA,NA,NA,NA,NA,NA,NA,NA,NA,NA,NA,NA,NA,NA,NA,NA,NA,NA,NA,NA,NA,NA,NA,NA,NA,NA,NA,NA,NA,NA,NA,NA,NA
"8","US1ILCK0049",41.8407,-87.8596,192,0.0944166666666667,NA,NA,NA,NA,0,0.118817567567568,NA,NA,NA,NA,0.037914691943128,NA,NA,NA,NA,NA,NA,NA,NA,NA,NA,NA,NA,NA,NA,NA,NA,NA,NA,NA,NA,NA,NA,NA,NA,NA,NA,NA,NA,NA,NA
"9","US1ILCK0050",41.6528,-87.8631,214,0.081195652173913,NA,NA,NA,NA,0,0.126198083067093,NA,NA,NA,NA,0.159798994974874,0.180651340996169,NA,NA,NA,NA,0.414179104477612,0.191652173913043,NA,NA,NA,NA,0.314285714285714,0.184780487804878,NA,NA,NA,NA,0.270731707317073,0.134768786127168,NA,NA,NA,NA,0.0370892018779343,0.104066666666667,NA,NA,NA,NA,0.254237288135593
"10","US1ILCK0051",41.5833,-87.8434,217,0.0963157894736842,NA,NA,NA,NA,0.000680272108843537,0.12963963963964,NA,NA,NA,NA,0.101863354037267,NA,NA,NA,NA,NA,NA,NA,NA,NA,NA,NA,NA,NA,NA,NA,NA,NA,NA,NA,NA,NA,NA,NA,NA,NA,NA,NA,NA,NA,NA
"11","US1ILCK0053",42.1357,-87.7654,212.1,0.0965027322404372,NA,NA,NA,NA,0,0.152298850574713,NA,NA,NA,NA,0,0.156902173913043,NA,NA,NA,NA,0,0.113015075376884,NA,NA,NA,NA,0,0.140845771144279,NA,NA,NA,NA,NA,0.204055555555556,NA,NA,NA,NA,NA,0.161666666666667,NA,NA,NA,NA,NA
"12","US1ILCK0058",42.01,-88.19,248.1,NA,NA,NA,NA,NA,NA,0.77,NA,NA,NA,NA,9,NA,NA,NA,NA,NA,NA,NA,NA,NA,NA,NA,NA,NA,NA,NA,NA,NA,NA,NA,NA,NA,NA,NA,NA,NA,NA,NA,NA,NA,NA
"13","US1ILCK0061",41.8756,-87.8011,192.9,0.0915859030837004,NA,NA,NA,NA,0.00194805194805195,0.120771704180064,NA,NA,NA,NA,0.141777777777778,0.175521739130435,NA,NA,NA,NA,0.360629921259843,0.189651162790698,NA,NA,NA,NA,0.071,0.150833333333333,NA,NA,NA,NA,0.0181818181818182,0.134813559322034,NA,NA,NA,NA,0.0350515463917526,0.158571428571429,NA,NA,NA,NA,0.0238095238095238
"14","US1ILCK0063",42.0039,-87.9813,213.1,0.0785964912280702,NA,NA,NA,NA,0.0087248322147651,0.122691131498471,NA,NA,NA,NA,0.203240740740741,0.111511627906977,NA,NA,NA,NA,0.279910714285714,0.112944606413994,NA,NA,NA,NA,0.261538461538462,0.117537537537538,NA,NA,NA,NA,0.135840707964602,0.110319488817891,NA,NA,NA,NA,0.071,0.135135135135135,NA,NA,NA,NA,0.254954954954955
"15","US1ILCK0064",41.5577,-87.6594,196,0.0866666666666667,NA,NA,NA,NA,0.00745341614906832,0.103149171270718,NA,NA,NA,NA,0.110264900662252,0.116107954545455,NA,NA,NA,NA,0.278879310344828,0.108848314606742,NA,NA,NA,NA,0.229166666666667,0.10985754985755,NA,NA,NA,NA,0.1605,0.114575342465753,NA,NA,NA,NA,0.0909090909090909,0.107301587301587,NA,NA,NA,NA,0.444736842105263
"16","US1ILCK0066",41.8934,-87.7798,192.9,0.2065625,NA,NA,NA,NA,0,0.872222222222222,NA,NA,NA,NA,0,NA,NA,NA,NA,NA,NA,NA,NA,NA,NA,NA,NA,NA,NA,NA,NA,NA,NA,NA,NA,NA,NA,NA,NA,NA,NA,NA,NA,NA,NA
"17","US1ILCK0069",41.4928,-87.6815,220.1,0.132597402597403,NA,NA,NA,NA,0.000925925925925926,0.152710280373832,NA,NA,NA,NA,0.0464566929133858,0.208076923076923,NA,NA,NA,NA,0.279661016949153,0.344831460674157,NA,NA,NA,NA,1.22727272727273,0.26,NA,NA,NA,NA,0.146666666666667,0.329285714285714,NA,NA,NA,NA,0.1,0.235428571428571,NA,NA,NA,NA,0.342857142857143
"18","US1ILCK0074",41.9062,-87.7819,192.9,0.102570093457944,NA,NA,NA,NA,0.00923076923076923,0.123032069970845,NA,NA,NA,NA,0.150210970464135,0.129594202898551,NA,NA,NA,NA,0.30727969348659,0.138231884057971,NA,NA,NA,NA,0.254008438818565,0.116511627906977,NA,NA,NA,NA,0.104237288135593,0.139570200573066,NA,NA,NA,NA,0.0540925266903915,0.113973509933775,NA,NA,NA,NA,0.21156462585034
"19","US1ILCK0075",41.9953,-88.0527,221.9,0.0766666666666667,NA,NA,NA,NA,0.00843373493975904,0.107058823529412,NA,NA,NA,NA,0.158208955223881,0.107374301675978,NA,NA,NA,NA,0.228679245283019,0.11613698630137,NA,NA,NA,NA,0.207662835249042,0.111346153846154,NA,NA,NA,NA,0.109259259259259,0.124709141274238,NA,NA,NA,NA,0.0482625482625483,0.14158940397351,NA,NA,NA,NA,0.208270676691729
"20","US1ILCK0076",41.5345,-87.6646,206,0.0566666666666667,NA,NA,NA,NA,0,0.358846153846154,NA,NA,NA,NA,0,0.571333333333333,NA,NA,NA,NA,0,0.342380952380952,NA,NA,NA,NA,0,0.351052631578947,NA,NA,NA,NA,NA,NA,NA,NA,NA,NA,NA,NA,NA,NA,NA,NA,NA
"21","US1ILCK0081",42.1192,-87.9951,221,0.0803255813953488,NA,NA,NA,NA,0.0111111111111111,0.115892351274788,NA,NA,NA,NA,0.153441295546559,0.0973130193905817,NA,NA,NA,NA,0.621739130434783,0.0555555555555556,NA,NA,NA,NA,2.4,NA,NA,NA,NA,NA,NA,NA,NA,NA,NA,NA,NA,NA,NA,NA,NA,NA,NA
"22","US1ILCK0082",41.6598,-87.5529,178,0.0922448979591837,NA,NA,NA,NA,0.00245398773006135,0.124356164383562,NA,NA,NA,NA,0.140856031128405,0.136301369863014,NA,NA,NA,NA,0.286290322580645,0.119698630136986,NA,NA,NA,NA,0.192460317460317,0.122103825136612,NA,NA,NA,NA,0.099618320610687,0.118794520547945,NA,NA,NA,NA,0.06875,0.0127272727272727,NA,NA,NA,NA,0.133333333333333
"23","US1ILCK0083",42.0188,-88.1755,246,0.118255813953488,NA,NA,NA,NA,0,0.109433962264151,NA,NA,NA,NA,0.22258064516129,0.163333333333333,NA,NA,NA,NA,1.46,NA,NA,NA,NA,NA,NA,0.163148148148148,NA,NA,NA,NA,0,0.234193548387097,NA,NA,NA,NA,0,0.407142857142857,NA,NA,NA,NA,0.0833333333333333
"24","US1ILCK0084",41.9916,-88.1887,246.9,NA,NA,NA,NA,NA,NA,0.167,NA,NA,NA,NA,0,NA,NA,NA,NA,NA,NA,NA,NA,NA,NA,NA,NA,NA,NA,NA,NA,NA,NA,NA,NA,NA,NA,NA,NA,NA,NA,NA,NA,NA,NA
"25","US1ILCK0087",42.0822,-88.0019,220.1,0.118292682926829,NA,NA,NA,NA,0,0.0746666666666667,NA,NA,NA,NA,0,NA,NA,NA,NA,NA,NA,0,NA,NA,NA,NA,0,NA,NA,NA,NA,NA,NA,0.57,NA,NA,NA,NA,NA,NA,NA,NA,NA,NA,NA
"26","US1ILCK0088",41.7823,-87.8622,199,0.0919026548672566,NA,NA,NA,NA,0.00242424242424242,0.102398648648649,NA,NA,NA,NA,0.107798165137615,0.159837133550489,NA,NA,NA,NA,0.198604651162791,0.123664383561644,NA,NA,NA,NA,0.163809523809524,0.153796992481203,NA,NA,NA,NA,0.122875816993464,0.141831683168317,NA,NA,NA,NA,0.102380952380952,0.145478260869565,NA,NA,NA,NA,0.555882352941176
"27","US1ILCK0091",42.0306,-87.6857,188.1,0.131550387596899,NA,NA,NA,NA,0,0.17079754601227,NA,NA,NA,NA,0,0.841818181818182,NA,NA,NA,NA,NA,NA,NA,NA,NA,NA,NA,NA,NA,NA,NA,NA,NA,NA,NA,NA,NA,NA,NA,NA,NA,NA,NA,NA,NA
"28","US1ILCK0094",42.0019,-87.6985,184.1,0.0933744855967078,NA,NA,NA,NA,0.011875,0.119108635097493,NA,NA,NA,NA,0.14734693877551,0.110195530726257,NA,NA,NA,NA,0.363157894736842,0.118646408839779,NA,NA,NA,NA,0.222950819672131,0.10825,NA,NA,NA,NA,0.10080971659919,0.127743732590529,NA,NA,NA,NA,0.0700892857142857,0.125205479452055,NA,NA,NA,NA,0.253271028037383
"29","US1ILCK0095",41.7937,-87.8649,199,0.0997142857142857,NA,NA,NA,NA,0.0024390243902439,0.117287671232877,NA,NA,NA,NA,0.119433198380567,0.151645021645022,NA,NA,NA,NA,0.387037037037037,NA,NA,NA,NA,NA,NA,NA,NA,NA,NA,NA,NA,NA,NA,NA,NA,NA,NA,NA,NA,NA,NA,NA,NA
"30","US1ILCK0098",41.8226,-87.8758,200.9,0.0944642857142857,NA,NA,NA,NA,0.00704225352112676,0.114304207119741,NA,NA,NA,NA,0.176851851851852,0.132793650793651,NA,NA,NA,NA,0.245754716981132,0.11275974025974,NA,NA,NA,NA,0.192682926829268,0.0979322033898305,NA,NA,NA,NA,0.120197044334975,0.0970645161290323,NA,NA,NA,NA,0.0536082474226804,0.102481751824818,NA,NA,NA,NA,0.166423357664234
"31","US1ILCK0100",41.8231,-87.7666,185.9,0.123312101910828,NA,NA,NA,NA,0,0.142845528455285,NA,NA,NA,NA,0.0137931034482759,0.229107142857143,NA,NA,NA,NA,0.0189189189189189,0.2321,NA,NA,NA,NA,0,0.158447488584475,NA,NA,NA,NA,0,0.0604878048780488,NA,NA,NA,NA,0,0.10859375,NA,NA,NA,NA,0
"32","US1ILCK0106",42.0597,-88.2334,252.1,0.0811415525114155,NA,NA,NA,NA,0.0161073825503356,0.12369696969697,NA,NA,NA,NA,0.205855855855856,0.113171428571429,NA,NA,NA,NA,0.211111111111111,0.127521367521368,NA,NA,NA,NA,0.214516129032258,0.112323529411765,NA,NA,NA,NA,0.152888888888889,0.13632183908046,NA,NA,NA,NA,0.0413145539906103,0.130331125827815,NA,NA,NA,NA,0.225225225225225
"33","US1ILCK0107",42.0669,-87.6898,191.1,0.0953070175438596,NA,NA,NA,NA,0.0420382165605096,0.113343108504399,NA,NA,NA,NA,0.161506276150628,0.111331360946746,NA,NA,NA,NA,0.345145631067961,0.105697674418605,NA,NA,NA,NA,0.132093023255814,0.0942073170731707,NA,NA,NA,NA,0.0743362831858407,0.119546827794562,NA,NA,NA,NA,0.0248868778280543,0.155727272727273,NA,NA,NA,NA,0.0814814814814815
"34","US1ILCK0121",42.1139,-88.0178,223.1,0.0678775510204082,NA,NA,NA,NA,0.00775510204081633,0.113890410958904,NA,NA,NA,NA,0.120604395604396,0.0992876712328767,NA,NA,NA,NA,0.173698630136986,0.109561643835616,NA,NA,NA,NA,0.130958904109589,0.0928205128205128,NA,NA,NA,NA,0.0675213675213675,0.116072423398329,NA,NA,NA,NA,0.0325905292479109,0.116026490066225,NA,NA,NA,NA,0.151655629139073
"35","US1ILCK0129",42.0135,-88.1289,252.1,0.0727472527472527,NA,NA,NA,NA,0,0.106319218241042,NA,NA,NA,NA,0.145893719806763,0.113584905660377,NA,NA,NA,NA,0.27972972972973,0.113820224719101,NA,NA,NA,NA,0.184771573604061,NA,NA,NA,NA,NA,NA,NA,NA,NA,NA,NA,NA,NA,NA,NA,NA,NA,NA
"36","US1ILCK0131",42.0303,-88.044,226.2,0.0744813278008299,NA,NA,NA,NA,0.00479041916167665,0.119449035812672,NA,NA,NA,NA,0.16953125,0.124127423822715,NA,NA,NA,NA,0.290038314176245,0.126769662921348,NA,NA,NA,NA,0.240551181102362,0.118777777777778,NA,NA,NA,NA,0.11505376344086,0.132520547945205,NA,NA,NA,NA,0.0483754512635379,0.151456953642384,NA,NA,NA,NA,0.250406504065041
"37","US1ILCK0132",41.6585,-87.8759,218.8,0.181219512195122,NA,NA,NA,NA,0,0.298196721311475,NA,NA,NA,NA,0.245098039215686,0.162307692307692,NA,NA,NA,NA,0.266666666666667,0.665,NA,NA,NA,NA,1.3,0.216,NA,NA,NA,NA,0,NA,NA,NA,NA,NA,NA,NA,NA,NA,NA,NA,NA
"38","US1ILCK0137",41.92,-87.8855,199,0.0616129032258065,NA,NA,NA,NA,0.00158730158730159,0.110431654676259,NA,NA,NA,NA,0.052046783625731,NA,NA,NA,NA,NA,NA,NA,NA,NA,NA,NA,NA,NA,NA,NA,NA,NA,NA,NA,NA,NA,NA,NA,NA,NA,NA,NA,NA,NA,NA
"39","US1ILCK0139",41.7304,-87.7561,191.1,0.0755491329479769,NA,NA,NA,NA,0,0.08850622406639,NA,NA,NA,NA,0,0.104149377593361,NA,NA,NA,NA,0,0.0612658227848101,NA,NA,NA,NA,0,0.0907434944237918,NA,NA,NA,NA,0,0.0752290076335878,NA,NA,NA,NA,0,0.024047619047619,NA,NA,NA,NA,0
"40","US1ILCK0143",42.0904,-88.0949,257.9,0.0715416666666667,NA,NA,NA,NA,0.0146341463414634,0.101871165644172,NA,NA,NA,NA,0.13384030418251,0.0625490196078431,NA,NA,NA,NA,0.605882352941176,NA,NA,NA,NA,NA,NA,NA,NA,NA,NA,NA,NA,NA,NA,NA,NA,NA,NA,NA,NA,NA,NA,NA,NA
"41","US1ILCK0145",41.8659,-87.7928,189.3,0.101441441441441,NA,NA,NA,NA,0.0027972027972028,0.114,NA,NA,NA,NA,0.144549763033175,0.136112676056338,NA,NA,NA,NA,0.298630136986301,0.135922619047619,NA,NA,NA,NA,0.294210526315789,0.117277936962751,NA,NA,NA,NA,0.158490566037736,0.134517906336088,NA,NA,NA,NA,0.0447115384615385,0.106092715231788,NA,NA,NA,NA,0.274285714285714
"42","US1ILCK0146",41.5405,-87.5886,188.7,NA,NA,NA,NA,NA,NA,0.09,NA,NA,NA,NA,0.2,0.201714285714286,NA,NA,NA,NA,0.153246753246753,0.303333333333333,NA,NA,NA,NA,0.133333333333333,NA,NA,NA,NA,NA,NA,NA,NA,NA,NA,NA,NA,NA,NA,NA,NA,NA,NA
"43","US1ILCK0148",41.6936,-87.729,182.3,0.0990454545454545,NA,NA,NA,NA,0.00364963503649635,0.153781094527363,NA,NA,NA,NA,0,0.19185393258427,NA,NA,NA,NA,0,0.169170506912442,NA,NA,NA,NA,0,0.126260869565217,NA,NA,NA,NA,0,0.148333333333333,NA,NA,NA,NA,0,0.139791666666667,NA,NA,NA,NA,0
"44","US1ILCK0149",41.7084,-87.7539,182,0.0995631067961165,NA,NA,NA,NA,0.0036231884057971,0.118333333333333,NA,NA,NA,NA,0.0640350877192983,0.140341614906832,NA,NA,NA,NA,0.213661202185792,0.12,NA,NA,NA,NA,0.247894736842105,0.11015479876161,NA,NA,NA,NA,0.14873417721519,0.129626436781609,NA,NA,NA,NA,0.0638766519823789,0.120078125,NA,NA,NA,NA,0.278703703703704
"45","US1ILCK0150",42.078,-87.9838,208.8,0.106666666666667,NA,NA,NA,NA,0,0.08625,NA,NA,NA,NA,0,0.1665625,NA,NA,NA,NA,0,NA,NA,NA,NA,NA,NA,0.104545454545455,NA,NA,NA,NA,0,NA,NA,NA,NA,NA,NA,NA,NA,NA,NA,NA,NA
"46","US1ILCK0152",41.7018,-87.782,181.7,0.0981531531531531,NA,NA,NA,NA,0.00211267605633803,0.120699088145897,NA,NA,NA,NA,0.112133891213389,0.13971875,NA,NA,NA,NA,0.290954773869347,0.113034055727554,NA,NA,NA,NA,0.181447963800905,0.106006006006006,NA,NA,NA,NA,0.104150943396226,0.134030303030303,NA,NA,NA,NA,0.0481481481481481,0.111037037037037,NA,NA,NA,NA,0.234586466165414
"47","US1ILCK0153",41.6703,-87.7312,183.2,0.0893617021276596,NA,NA,NA,NA,0,0.1158,NA,NA,NA,NA,0.0990384615384615,0.142365269461078,NA,NA,NA,NA,0.77719298245614,0.120209580838323,NA,NA,NA,NA,1.19230769230769,0.113391812865497,NA,NA,NA,NA,1.1,0.119915492957746,NA,NA,NA,NA,0.561904761904762,0.0945945945945946,NA,NA,NA,NA,2.825
"48","US1ILCK0154",41.6874,-87.7911,185.9,0.0729752066115703,NA,NA,NA,NA,0.00397350993377483,0.0978512396694215,NA,NA,NA,NA,0.108076923076923,0.127115384615385,NA,NA,NA,NA,0.233730158730159,0.106373626373626,NA,NA,NA,NA,0.161302681992337,0.100385674931129,NA,NA,NA,NA,0.101515151515152,0.117774725274725,NA,NA,NA,NA,0.0488970588235294,0.0996688741721854,NA,NA,NA,NA,0.222900763358779
"49","US1ILCK0156",42.1031,-87.9814,214.6,0.0684615384615385,NA,NA,NA,NA,0,0.2125,NA,NA,NA,NA,2.46666666666667,NA,NA,NA,NA,NA,NA,NA,NA,NA,NA,NA,NA,NA,NA,NA,NA,NA,NA,NA,NA,NA,NA,NA,NA,NA,NA,NA,NA,NA,NA
"50","US1ILCK0158",41.6961,-87.7087,189,0.49,NA,NA,NA,NA,0,NA,NA,NA,NA,NA,NA,NA,NA,NA,NA,NA,NA,NA,NA,NA,NA,NA,NA,NA,NA,NA,NA,NA,NA,NA,NA,NA,NA,NA,NA,NA,NA,NA,NA,NA,NA
"51","US1ILCK0163",42.0819,-87.9971,215.8,0.0723529411764706,NA,NA,NA,NA,0,0.193898305084746,NA,NA,NA,NA,0,0.0889655172413793,NA,NA,NA,NA,0,0.120747663551402,NA,NA,NA,NA,0,0.13459595959596,NA,NA,NA,NA,0,0.170215517241379,NA,NA,NA,NA,0,0.232898550724638,NA,NA,NA,NA,0.0685714285714286
"52","US1ILCK0168",41.9642,-87.6974,178.3,0.134774774774775,NA,NA,NA,NA,0,0.320625,NA,NA,NA,NA,0,0.31855421686747,NA,NA,NA,NA,0,0.439444444444444,NA,NA,NA,NA,0,0.7236,NA,NA,NA,NA,NA,0.560144927536232,NA,NA,NA,NA,0,0.343,NA,NA,NA,NA,0
"53","US1ILCK0170",41.5341,-87.6905,210,0.167906976744186,NA,NA,NA,NA,0,0.282608695652174,NA,NA,NA,NA,0,0.2724,NA,NA,NA,NA,NA,0.195432098765432,NA,NA,NA,NA,NA,0.164117647058824,NA,NA,NA,NA,NA,0.134792626728111,NA,NA,NA,NA,NA,0.12125,NA,NA,NA,NA,NA
"54","US1ILCK0172",42.0145,-87.988,214.9,1.05,NA,NA,NA,NA,0.4,0.51,NA,NA,NA,NA,8.6,NA,NA,NA,NA,NA,NA,NA,NA,NA,NA,NA,NA,NA,NA,NA,NA,NA,NA,NA,NA,NA,NA,NA,NA,NA,NA,NA,NA,NA,NA
"55","US1ILCK0173",41.6768,-87.9114,217.6,0.10168776371308,NA,NA,NA,NA,0.00172413793103448,0.108461538461538,NA,NA,NA,NA,0.221212121212121,0.143153846153846,NA,NA,NA,NA,0.342857142857143,0.135062761506276,NA,NA,NA,NA,0.119230769230769,0.163774509803922,NA,NA,NA,NA,0.185483870967742,0.14484076433121,NA,NA,NA,NA,0.0394230769230769,0.0744444444444444,NA,NA,NA,NA,0.32875
"56","US1ILCK0175",42.0889,-87.74,195.4,0.0955696202531646,NA,NA,NA,NA,0.0319148936170213,0.183172043010753,NA,NA,NA,NA,0.1824,0.53,NA,NA,NA,NA,0.75,NA,NA,NA,NA,NA,NA,NA,NA,NA,NA,NA,NA,NA,NA,NA,NA,NA,NA,NA,NA,NA,NA,NA,NA
"57","US1ILCK0177",42.0217,-88.1846,243.5,0.0811224489795918,NA,NA,NA,NA,0.00266666666666667,0.120622009569378,NA,NA,NA,NA,0.0789473684210526,0.133809523809524,NA,NA,NA,NA,0,0.225142857142857,NA,NA,NA,NA,0,0.139424460431655,NA,NA,NA,NA,0.0320388349514563,0.111578947368421,NA,NA,NA,NA,0,0.188235294117647,NA,NA,NA,NA,0
"58","US1ILCK0178",42.0693,-88.01,214.9,0.0738095238095238,NA,NA,NA,NA,0,0.241666666666667,NA,NA,NA,NA,0,0.163393939393939,NA,NA,NA,NA,0.0159574468085106,0.233163265306122,NA,NA,NA,NA,0.102040816326531,0.316976744186046,NA,NA,NA,NA,0.561111111111111,1.4075,NA,NA,NA,NA,0,NA,NA,NA,NA,NA,NA
"59","US1ILCK0179",41.9481,-87.6588,182.9,0.0979487179487179,NA,NA,NA,NA,0,0.19728813559322,NA,NA,NA,NA,0,0.128611111111111,NA,NA,NA,NA,0,0.160952380952381,NA,NA,NA,NA,0,0.163333333333333,NA,NA,NA,NA,0,0.240689655172414,NA,NA,NA,NA,0,NA,NA,NA,NA,NA,NA
"60","US1ILCK0180",42.0044,-87.846,194.5,0.0755238095238095,NA,NA,NA,NA,0.0136363636363636,0.11238670694864,NA,NA,NA,NA,0.1512,0.108745980707395,NA,NA,NA,NA,0.321354166666667,0.114451612903226,NA,NA,NA,NA,0.329310344827586,0.117310126582278,NA,NA,NA,NA,0.198449612403101,0.108153846153846,NA,NA,NA,NA,0.110769230769231,0.11637037037037,NA,NA,NA,NA,0.320588235294118
"61","US1ILCK0182",41.5918,-87.8274,216.1,0.54,NA,NA,NA,NA,0,0.446111111111111,NA,NA,NA,NA,0,0.134181818181818,NA,NA,NA,NA,0,NA,NA,NA,NA,NA,NA,NA,NA,NA,NA,NA,NA,NA,NA,NA,NA,NA,NA,NA,NA,NA,NA,NA,NA
"62","US1ILCK0187",41.8482,-87.8332,189.9,0.271929824561404,NA,NA,NA,NA,0,0.49,NA,NA,NA,NA,1.44444444444444,1.00103448275862,NA,NA,NA,NA,3.07142857142857,0.187142857142857,NA,NA,NA,NA,1.05,NA,NA,NA,NA,NA,NA,NA,NA,NA,NA,NA,NA,NA,NA,NA,NA,NA,NA
"63","US1ILCK0190",42.0133,-88.1143,251.2,0.0702575107296137,NA,NA,NA,NA,0.003125,NA,NA,NA,NA,NA,NA,NA,NA,NA,NA,NA,NA,NA,NA,NA,NA,NA,NA,NA,NA,NA,NA,NA,NA,NA,NA,NA,NA,NA,NA,NA,NA,NA,NA,NA,NA
"64","US1ILCK0192",42.0168,-87.8557,192.6,0.108695652173913,NA,NA,NA,NA,0.0113207547169811,0.12788643533123,NA,NA,NA,NA,0.1,0.0990163934426229,NA,NA,NA,NA,0.233796296296296,0.118459016393443,NA,NA,NA,NA,0.20316742081448,0.112453416149068,NA,NA,NA,NA,0.0959276018099548,0.119601328903654,NA,NA,NA,NA,0.0592592592592593,0.120878378378378,NA,NA,NA,NA,0.225409836065574
"65","US1ILCK0193",42.1016,-87.729,192,0.121421319796954,NA,NA,NA,NA,0.0167883211678832,0.131518151815182,NA,NA,NA,NA,0.139111111111111,0.169530201342282,NA,NA,NA,NA,0.555696202531646,0.0410144927536232,NA,NA,NA,NA,0.7475,0.107593123209169,NA,NA,NA,NA,0.381481481481481,0.0964387464387464,NA,NA,NA,NA,0.0798387096774194,0.107350993377483,NA,NA,NA,NA,0.475
"66","US1ILCK0196",41.9904,-87.7872,190.2,0.0785654008438819,NA,NA,NA,NA,0.008,0.119034090909091,NA,NA,NA,NA,0.14625550660793,0.100404624277457,NA,NA,NA,NA,0.441830065359477,0.12507204610951,NA,NA,NA,NA,1.152,0.128411214953271,NA,NA,NA,NA,0.334285714285714,NA,NA,NA,NA,NA,NA,NA,NA,NA,NA,NA,NA
"67","US1ILCK0197",41.5865,-87.8335,215.2,0.0922857142857143,NA,NA,NA,NA,0.00432098765432099,0.109561643835616,NA,NA,NA,NA,0.148163265306122,0.117561643835616,NA,NA,NA,NA,0.286995515695067,0.109646017699115,NA,NA,NA,NA,0.293525179856115,NA,NA,NA,NA,NA,NA,NA,NA,NA,NA,NA,NA,NA,NA,NA,NA,NA,NA
"68","US1ILCK0199",42.0104,-88.0828,249.9,0.0690783410138249,NA,NA,NA,NA,0.0079136690647482,0.18734693877551,NA,NA,NA,NA,0.139583333333333,NA,NA,NA,NA,NA,NA,NA,NA,NA,NA,NA,NA,NA,NA,NA,NA,NA,NA,NA,NA,NA,NA,NA,NA,NA,NA,NA,NA,NA,NA
"69","US1ILCK0202",41.8819,-87.815,192,0.203103448275862,NA,NA,NA,NA,0,0.297254901960784,NA,NA,NA,NA,0,0.483417721518987,NA,NA,NA,NA,0,NA,NA,NA,NA,NA,NA,0.3125,NA,NA,NA,NA,0,0.454390243902439,NA,NA,NA,NA,NA,1.04,NA,NA,NA,NA,NA
"70","US1ILCK0204",41.8421,-87.6891,182.6,0.111714285714286,NA,NA,NA,NA,0,0.151709401709402,NA,NA,NA,NA,0.0897435897435897,NA,NA,NA,NA,NA,NA,NA,NA,NA,NA,NA,NA,NA,NA,NA,NA,NA,NA,NA,NA,NA,NA,NA,NA,NA,NA,NA,NA,NA,NA
"71","US1ILCK0206",41.4723,-87.7013,220.7,NA,NA,NA,NA,NA,NA,0.126801801801802,NA,NA,NA,NA,0.0574626865671642,0.12534435261708,NA,NA,NA,NA,0.217826086956522,0.125178082191781,NA,NA,NA,NA,0.159401709401709,0.112978142076503,NA,NA,NA,NA,0.10722433460076,0.118082191780822,NA,NA,NA,NA,0.033972602739726,0.093265306122449,NA,NA,NA,NA,0.19047619047619
"72","US1ILCK0208",42.0888,-87.8358,199.9,0.0780645161290323,NA,NA,NA,NA,0.161111111111111,0.143564356435644,NA,NA,NA,NA,0.259375,0.107826086956522,NA,NA,NA,NA,0.734444444444444,NA,NA,NA,NA,NA,NA,0,NA,NA,NA,NA,0,NA,NA,NA,NA,NA,NA,NA,NA,NA,NA,NA,NA
"73","US1ILCK0211",41.7269,-87.7777,188.1,NA,NA,NA,NA,NA,NA,0.124879725085911,NA,NA,NA,NA,0.0303571428571429,0.157862595419847,NA,NA,NA,NA,0.0046692607003891,0.127840909090909,NA,NA,NA,NA,0.178455284552846,0.109752747252747,NA,NA,NA,NA,0.0684873949579832,0.118870523415978,NA,NA,NA,NA,0.0242424242424242,0.101266666666667,NA,NA,NA,NA,0.240983606557377
"74","US1ILCK0214",41.9957,-87.6918,181.4,NA,NA,NA,NA,NA,NA,0.11577519379845,NA,NA,NA,NA,0.0439759036144578,0.0998757763975155,NA,NA,NA,NA,0.213942307692308,0.0986196319018405,NA,NA,NA,NA,0.18974358974359,0.104751552795031,NA,NA,NA,NA,0.0962616822429907,0.119855072463768,NA,NA,NA,NA,0.0663594470046083,0.105328467153285,NA,NA,NA,NA,0.271428571428571
"75","US1ILCK0215",42.0726,-87.8288,203,NA,NA,NA,NA,NA,NA,0.121914893617021,NA,NA,NA,NA,0.0696774193548387,0.116280991735537,NA,NA,NA,NA,0.275,0.0565217391304348,NA,NA,NA,NA,0.378260869565217,NA,NA,NA,NA,NA,NA,NA,NA,NA,NA,NA,NA,NA,NA,NA,NA,NA,NA
"76","US1ILCK0218",42.1311,-87.8531,206.3,NA,NA,NA,NA,NA,NA,0.102222222222222,NA,NA,NA,NA,0,0.312173913043478,NA,NA,NA,NA,0.821428571428571,NA,NA,NA,NA,NA,NA,NA,NA,NA,NA,NA,NA,NA,NA,NA,NA,NA,NA,NA,NA,NA,NA,NA,NA
"77","US1ILCK0220",42.0903,-87.9752,209.4,NA,NA,NA,NA,NA,NA,0.125144927536232,NA,NA,NA,NA,0.01125,NA,NA,NA,NA,NA,NA,NA,NA,NA,NA,NA,NA,NA,NA,NA,NA,NA,NA,NA,NA,NA,NA,NA,NA,NA,NA,NA,NA,NA,NA
"78","US1ILCK0229",41.5319,-87.6641,202.1,NA,NA,NA,NA,NA,NA,0.1,NA,NA,NA,NA,0,0.474,NA,NA,NA,NA,0.44,0.568730158730159,NA,NA,NA,NA,0.245454545454545,0.546666666666667,NA,NA,NA,NA,NA,0.143433962264151,NA,NA,NA,NA,0,0.0763636363636364,NA,NA,NA,NA,0
"79","US1ILCK0232",42.0043,-87.6697,180.1,NA,NA,NA,NA,NA,NA,NA,NA,NA,NA,NA,NA,0.114498269896194,NA,NA,NA,NA,0.0482233502538071,0.125451807228916,NA,NA,NA,NA,0.224454148471616,0.111117318435754,NA,NA,NA,NA,0.128977272727273,0.123468208092486,NA,NA,NA,NA,0.542857142857143,0.122649006622517,NA,NA,NA,NA,0.772
"80","US1ILCK0234",41.7284,-87.7762,188.1,NA,NA,NA,NA,NA,NA,NA,NA,NA,NA,NA,NA,0.43125,NA,NA,NA,NA,NA,NA,NA,NA,NA,NA,NA,NA,NA,NA,NA,NA,NA,0.0919858156028369,NA,NA,NA,NA,1.12,0.0971428571428571,NA,NA,NA,NA,0.92
"81","US1ILCK0238",41.9314,-87.8231,191.7,NA,NA,NA,NA,NA,NA,NA,NA,NA,NA,NA,NA,0.0836776859504132,NA,NA,NA,NA,0,0.336545454545455,NA,NA,NA,NA,0.278947368421053,0.899333333333333,NA,NA,NA,NA,NA,1.87,NA,NA,NA,NA,NA,NA,NA,NA,NA,NA,NA
"82","US1ILCK0240",41.9018,-87.6726,182.9,NA,NA,NA,NA,NA,NA,NA,NA,NA,NA,NA,NA,0.168571428571429,NA,NA,NA,NA,0,0.159588235294118,NA,NA,NA,NA,0,0.182315789473684,NA,NA,NA,NA,0,0.200952380952381,NA,NA,NA,NA,0,NA,NA,NA,NA,NA,NA
"83","US1ILCK0243",41.9177,-87.8037,195.4,NA,NA,NA,NA,NA,NA,NA,NA,NA,NA,NA,NA,0.106046511627907,NA,NA,NA,NA,0,0.104548192771084,NA,NA,NA,NA,0.00886075949367088,0.0942772861356932,NA,NA,NA,NA,0,0.123970149253731,NA,NA,NA,NA,0,0.107428571428571,NA,NA,NA,NA,0
"84","US1ILCK0245",42.0578,-87.9926,219.8,NA,NA,NA,NA,NA,NA,NA,NA,NA,NA,NA,NA,0.156923076923077,NA,NA,NA,NA,0,0.183357664233577,NA,NA,NA,NA,0,0.186629834254144,NA,NA,NA,NA,0.153947368421053,0.144695945945946,NA,NA,NA,NA,0.107070707070707,0.119124087591241,NA,NA,NA,NA,0.3775
"85","US1ILCK0246",41.6641,-87.9913,214.3,NA,NA,NA,NA,NA,NA,NA,NA,NA,NA,NA,NA,1.89,NA,NA,NA,NA,NA,0.700975609756098,NA,NA,NA,NA,NA,0.831578947368421,NA,NA,NA,NA,0,0.704047619047619,NA,NA,NA,NA,0,0.516666666666667,NA,NA,NA,NA,NA
"86","US1ILCK0249",41.6243,-87.7233,189.3,NA,NA,NA,NA,NA,NA,NA,NA,NA,NA,NA,NA,0.0321276595744681,NA,NA,NA,NA,0,0.128765957446809,NA,NA,NA,NA,0,NA,NA,NA,NA,NA,NA,NA,NA,NA,NA,NA,NA,NA,NA,NA,NA,NA,NA
"87","US1ILCK0250",41.6294,-87.7231,188.4,NA,NA,NA,NA,NA,NA,NA,NA,NA,NA,NA,NA,0.0428571428571429,NA,NA,NA,NA,0,0.203333333333333,NA,NA,NA,NA,0,0.85,NA,NA,NA,NA,0,NA,NA,NA,NA,NA,NA,NA,NA,NA,NA,NA,NA
"88","US1ILCK0253",41.625,-87.7234,189.3,NA,NA,NA,NA,NA,NA,NA,NA,NA,NA,NA,NA,NA,NA,NA,NA,NA,NA,0.131279069767442,NA,NA,NA,NA,0,0.112594752186589,NA,NA,NA,NA,0.0158878504672897,0.136666666666667,NA,NA,NA,NA,0.00495049504950495,0.105281690140845,NA,NA,NA,NA,0.0556818181818182
"89","US1ILCK0254",41.7473,-87.8974,201.2,NA,NA,NA,NA,NA,NA,NA,NA,NA,NA,NA,NA,NA,NA,NA,NA,NA,NA,0.490434782608696,NA,NA,NA,NA,1.4,0.807272727272727,NA,NA,NA,NA,3,1.555,NA,NA,NA,NA,NA,NA,NA,NA,NA,NA,NA
"90","US1ILCK0260",41.613,-87.7097,187.5,NA,NA,NA,NA,NA,NA,NA,NA,NA,NA,NA,NA,NA,NA,NA,NA,NA,NA,0.113302325581395,NA,NA,NA,NA,0,0.123219696969697,NA,NA,NA,NA,0,0.141681415929204,NA,NA,NA,NA,NA,0.104603174603175,NA,NA,NA,NA,NA
"91","US1ILCK0261",41.6248,-87.7307,192,NA,NA,NA,NA,NA,NA,NA,NA,NA,NA,NA,NA,NA,NA,NA,NA,NA,NA,0.366140350877193,NA,NA,NA,NA,0,0.36,NA,NA,NA,NA,0,0.857272727272727,NA,NA,NA,NA,0,0.01,NA,NA,NA,NA,NA
"92","US1ILCK0262",41.6215,-87.7331,192.3,NA,NA,NA,NA,NA,NA,NA,NA,NA,NA,NA,NA,NA,NA,NA,NA,NA,NA,0.157333333333333,NA,NA,NA,NA,0,0.155263157894737,NA,NA,NA,NA,NA,0.143076923076923,NA,NA,NA,NA,NA,NA,NA,NA,NA,NA,NA
"93","US1ILCK0266",41.6238,-87.727,190.2,NA,NA,NA,NA,NA,NA,NA,NA,NA,NA,NA,NA,NA,NA,NA,NA,NA,NA,0.150546875,NA,NA,NA,NA,NA,0.157018633540373,NA,NA,NA,NA,NA,0.191866666666667,NA,NA,NA,NA,NA,NA,NA,NA,NA,NA,NA
"94","US1ILCK0278",42.0481,-88.1162,242,NA,NA,NA,NA,NA,NA,NA,NA,NA,NA,NA,NA,NA,NA,NA,NA,NA,NA,NA,NA,NA,NA,NA,NA,0.106568265682657,NA,NA,NA,NA,0,0.116796657381616,NA,NA,NA,NA,NA,0.121232876712329,NA,NA,NA,NA,NA
"95","US1ILCK0282",41.8531,-87.802,188.4,NA,NA,NA,NA,NA,NA,NA,NA,NA,NA,NA,NA,0,NA,NA,NA,NA,0,NA,NA,NA,NA,NA,NA,0.128359788359788,NA,NA,NA,NA,0.509090909090909,0.140679886685552,NA,NA,NA,NA,0.607142857142857,0.111390728476821,NA,NA,NA,NA,1.185
"96","US1ILCK0285",41.9715,-87.8033,197.5,NA,NA,NA,NA,NA,NA,NA,NA,NA,NA,NA,NA,NA,NA,NA,NA,NA,NA,NA,NA,NA,NA,NA,NA,0.0743801652892562,NA,NA,NA,NA,0.347368421052632,0.129039548022599,NA,NA,NA,NA,0.0944055944055944,0.125298013245033,NA,NA,NA,NA,0.259633027522936
"97","US1ILCK0286",41.8251,-87.8443,188.4,NA,NA,NA,NA,NA,NA,NA,NA,NA,NA,NA,NA,NA,NA,NA,NA,NA,NA,NA,NA,NA,NA,NA,NA,0.0545161290322581,NA,NA,NA,NA,0.262790697674419,0.126837606837607,NA,NA,NA,NA,0.0398648648648649,0.0587179487179487,NA,NA,NA,NA,0.320512820512821
"98","US1ILCK0294",42.1299,-88.028,231.6,NA,NA,NA,NA,NA,NA,NA,NA,NA,NA,NA,NA,NA,NA,NA,NA,NA,NA,NA,NA,NA,NA,NA,NA,NA,NA,NA,NA,NA,NA,0.116946564885496,NA,NA,NA,NA,0.0274853801169591,0.0906993006993007,NA,NA,NA,NA,0.239449541284404
"99","US1ILCK0296",41.5428,-87.6541,196,NA,NA,NA,NA,NA,NA,NA,NA,NA,NA,NA,NA,NA,NA,NA,NA,NA,NA,NA,NA,NA,NA,NA,NA,NA,NA,NA,NA,NA,NA,0.0862179487179487,NA,NA,NA,NA,0.0726415094339623,0.0942666666666667,NA,NA,NA,NA,0.313008130081301
"100","US1ILCK0298",41.8443,-87.7671,185.3,NA,NA,NA,NA,NA,NA,NA,NA,NA,NA,NA,NA,NA,NA,NA,NA,NA,NA,NA,NA,NA,NA,NA,NA,NA,NA,NA,NA,NA,NA,0.1365625,NA,NA,NA,NA,0,0.111643835616438,NA,NA,NA,NA,0
"101","US1ILCK0300",41.832,-87.8197,189,NA,NA,NA,NA,NA,NA,NA,NA,NA,NA,NA,NA,NA,NA,NA,NA,NA,NA,NA,NA,NA,NA,NA,NA,NA,NA,NA,NA,NA,NA,0.134590163934426,NA,NA,NA,NA,0,0.0908333333333333,NA,NA,NA,NA,0.316666666666667
"102","USC00110442",42.1153,-88.1639,266.7,0.0795102040816327,NA,47.1428571428571,67.2816326530612,NA,0.0217391304347826,0.115055248618785,NA,36.6861111111111,54.9861111111111,NA,0.249723756906077,0.117099447513812,NA,35.7458563535912,53.732044198895,NA,0.25260663507109,0.125879120879121,NA,39.5110497237569,57.1487603305785,NA,0.217452830188679,0.103087431693989,NA,41.7671232876712,58.5769230769231,NA,0.100684931506849,0.134915730337079,NA,40.7743732590529,58.5814606741573,NA,0.0442396313364055,0.143175675675676,NA,27.3605442176871,45.7635135135135,NA,0.257446808510638
"103","USC00111497",42.1398,-87.7854,192,0.0922857142857143,NA,49.6,70.1475409836066,NA,0.019,0.106098901098901,NA,38.9041095890411,57.6054794520548,NA,0.130718954248366,0.11627397260274,NA,37.1260273972603,55.5232876712329,NA,0.199112426035503,0.114383561643836,NA,40.6684931506849,58.9315068493151,NA,0.129829545454545,0.0990958904109589,NA,42.8191780821918,60.6739726027397,NA,0.0793413173652695,0.127817679558011,NA,41.9585635359116,60.1933701657459,NA,0.0498412698412698,0.126666666666667,NA,28.6887417218543,46.7152317880795,NA,0.202816901408451
"104","USC00111550",41.8558,-87.6094,177.7,NA,NA,55.6285714285714,69.9142857142857,NA,NA,NA,NA,43.0747922437673,56.137741046832,NA,NA,NA,NA,41.1961325966851,54.6088154269972,NA,NA,NA,NA,44.4027397260274,57.8794520547945,NA,NA,NA,NA,46.2853185595568,59.060773480663,NA,NA,NA,NA,45.8219178082192,58.7972602739726,NA,NA,NA,NA,31.1506849315068,44.2857142857143,NA,NA
"105","USC00111577",41.7372,-87.7775,189,0.0946122448979592,NA,52.9755102040816,70.9428571428571,NA,0.00806451612903226,0.115945205479452,NA,41.7890410958904,58.786301369863,NA,0.112328767123288,0.142465753424658,NA,41.5123287671233,57.8712328767123,NA,0.206868131868132,0.126027397260274,NA,44.958904109589,61.0767123287671,NA,0.157692307692308,0.114672131147541,NA,46.8196721311475,62.1174863387978,NA,0.0866120218579235,0.125041095890411,NA,45.6383561643836,61.7506849315068,NA,0.0441095890410959,0.0763503649635036,NA,32.5466666666667,49.0728476821192,NA,0.219867549668874
"106","USC00114816",41.79528,-87.87083,200.9,0.101632653061224,NA,NA,NA,NA,0.00571428571428571,0.14635838150289,NA,NA,NA,NA,0.168023255813953,NA,NA,NA,NA,NA,NA,NA,NA,NA,NA,NA,NA,NA,NA,NA,NA,NA,NA,NA,NA,NA,NA,NA,NA,NA,NA,NA,NA,NA,NA
"107","USC00114890",41.5422,-87.5416,189,0.0962139917695473,NA,NA,NA,NA,0.00163265306122449,0.104081632653061,NA,NA,NA,NA,0.0620396600566572,0.114943502824859,NA,NA,NA,NA,0.16767955801105,0.11733893557423,NA,NA,NA,NA,0.0883977900552486,0.103521126760563,NA,NA,NA,NA,0.0767123287671233,0.117837078651685,NA,NA,NA,NA,0.0421917808219178,0.0969594594594595,NA,NA,NA,NA,0.193377483443709
"108","USC00115110",41.7091,-87.8761,217.9,0.0976666666666667,NA,28.1333333333333,44.8333333333333,NA,0.00176991150442478,0.115153203342618,NA,34.0625,54.625,NA,0.126970954356846,0.147042253521127,NA,37.8785310734463,60.9971671388102,NA,0.143380281690141,0.121408450704225,NA,40.2991452991453,63.0512820512821,NA,0.138591549295775,0.117506849315068,NA,43.2430939226519,63.6795580110497,NA,0.075,0.124958448753463,NA,41.4011142061281,63.3296089385475,NA,0.0306629834254144,0.104413793103448,NA,28.4285714285714,50.5547945205479,NA,0.194520547945205
"109","USC00116616",41.4947,-87.6802,216.4,0.102122448979592,NA,50.265306122449,69.934693877551,NA,0,0.110630136986301,NA,39.627397260274,58.2246575342466,NA,0.0799450549450549,0.122664835164835,NA,37.0964187327824,56.0386740331492,NA,0.243333333333333,0.124806629834254,NA,40.6878453038674,59.0495867768595,NA,0.159340659340659,0.11078431372549,NA,42.8956043956044,61.0747922437673,NA,0.107142857142857,0.122367688022284,NA,41.7403314917127,61.3296089385475,NA,0.0382716049382716,0.0817218543046358,NA,28.4503311258278,48.3825503355705,NA,0.214074074074074
"110","USW00004838",42.12083,-87.90472,193.9,0.0710204081632653,NA,49.8408163265306,69.8367346938775,6.97102459016393,NA,0.0895184135977337,NA,39.8547945205479,57.7945205479452,7.50578082191781,NA,0.090521978021978,NA,38.7465564738292,56.7438016528926,8.1978021978022,NA,0.0903287671232877,NA,40.8602739726027,58.8438356164384,7.93153424657534,NA,0.0931129476584022,NA,43.2335164835165,60.2197802197802,7.81523287671233,NA,0.116657458563536,NA,42.5616438356164,60.2986301369863,8.08969613259669,NA,0.0994701986754967,NA,30.6291390728477,48.2185430463576,8.40860927152318,NA
"111","USW00014819",41.78611,-87.75222,186.5,0.0822040816326531,NA,53.4734693877551,70.669387755102,9.00262295081967,NA,0.0951780821917808,NA,42.3041095890411,58.7260273972603,9.59997260273973,NA,0.112884615384615,NA,41.5260273972603,57.9397260273973,10.1037087912088,NA,0.104230769230769,NA,44.9616438356164,61.0767123287671,9.98317808219178,NA,0.096120218579235,NA,46.827868852459,62.1147540983607,9.7522131147541,NA,0.115151515151515,NA,45.5274725274725,61.8241758241758,10.1845454545455,NA,0.0825827814569536,NA,32.6225165562914,49.0596026490066,10.5088741721854,NA
"112","USW00094846",41.995,-87.9336,201.8,0.0778775510204082,NA,51.0163265306122,70.5142857142857,9.17791836734694,0.0036734693877551,0.115315068493151,56.3090909090909,40.4301369863014,57.9808219178082,9.622,0.121369863013699,0.10813698630137,47.8849315068493,38.7698630136986,56.5835616438356,10.0918630136986,0.191232876712329,0.109178082191781,50.4356164383562,41.4739726027397,59.0383561643836,9.82764383561644,0.173972602739726,0.0982786885245902,52.5109289617486,43.8224043715847,60.7513661202186,9.68237704918033,0.0907103825136612,0.118082191780822,52.7178082191781,43.8575342465753,61.2821917808219,10.0404657534247,0.0378082191780822,0.124834437086093,39.255033557047,31.1258278145695,48.3841059602649,10.415761589404,0.203311258278146
