"","FIPS","Name","AOD_1_14","AOD_2_14","AOD_3_14","AOD_4_14","AOD_1_15","AOD_2_15","AOD_3_15","AOD_4_15","AOD_1_16","AOD_2_16","AOD_3_16","AOD_4_16","AOD_1_17","AOD_2_17","AOD_3_17","AOD_4_17","AOD_1_18","AOD_2_18","AOD_3_18","AOD_4_18","NDVI_1_14","NDVI_2_14","NDVI_3_14","NDVI_4_14","NDVI_1_15","NDVI_2_15","NDVI_3_15","NDVI_4_15","NDVI_1_16","NDVI_2_16","NDVI_3_16","NDVI_4_16","NDVI_1_17","NDVI_2_17","NDVI_3_17","NDVI_4_17","NDVI_1_18","NDVI_2_18","NDVI_3_18","NDVI_4_18","BRDF_1_14","BRDF_2_14","BRDF_3_14","BRDF_4_14","BRDF_1_15","BRDF_2_15","BRDF_3_15","BRDF_4_15","BRDF_1_16","BRDF_2_16","BRDF_3_16","BRDF_4_16","BRDF_1_17","BRDF_2_17","BRDF_3_17","BRDF_4_17","BRDF_1_18","BRDF_2_18","BRDF_3_18","BRDF_4_18","RdDnsty","PECount","Elev","NO2_1_14","NO2_2_14","NO2_3_14","NO2_4_14","NO2_1_15","NO2_2_15","NO2_3_15","NO2_4_15","NO2_1_16","NO2_2_16","NO2_3_16","NO2_4_16","NO2_1_17","NO2_2_17","NO2_3_17","NO2_4_17","NO2_1_18","NO2_2_18","NO2_3_18","NO2_4_18","SO2_1_14","SO2_2_14","SO2_3_14","SO2_4_14","SO2_1_15","SO2_2_15","SO2_3_15","SO2_4_15","SO2_1_16","SO2_2_16","SO2_3_16","SO2_4_16","SO2_1_17","SO2_2_17","SO2_3_17","SO2_4_17","SO2_1_18","SO2_2_18","SO2_3_18","SO2_4_18","CO_1_14","CO_2_14","CO_3_14","CO_4_14","CO_1_15","CO_2_15","CO_3_15","CO_4_15","CO_1_16","CO_2_16","CO_3_16","CO_4_16","CO_1_17","CO_2_17","CO_3_17","CO_4_17","CO_1_18","CO_2_18","CO_3_18","CO_4_18","Ozone_1_14","Ozone_2_14","Ozone_3_14","Ozone_4_14","Ozone_1_15","Ozone_2_15","Ozone_3_15","Ozone_4_15","Ozone_1_16","Ozone_2_16","Ozone_3_16","Ozone_4_16","Ozone_1_17","Ozone_2_17","Ozone_3_17","Ozone_4_17","Ozone_1_18","Ozone_2_18","Ozone_3_18","Ozone_4_18","PM25_1_14","PM25_2_14","PM25_3_14","PM25_4_14","PM25_1_15","PM25_2_15","PM25_3_15","PM25_4_15","PM25_1_16","PM25_2_16","PM25_3_16","PM25_4_16","PM25_1_17","PM25_2_17","PM25_3_17","PM25_4_17","PM25_1_18","PM25_2_18","PM25_3_18","PM25_4_18","PM10_1_14","PM10_2_14","PM10_3_14","PM10_4_14","PM10_1_15","PM10_2_15","PM10_3_15","PM10_4_15","PM10_1_16","PM10_2_16","PM10_3_16","PM10_4_16","PM10_1_17","PM10_2_17","PM10_3_17","PM10_4_17","PM10_1_18","PM10_2_18","PM10_3_18","PM10_4_18","Lead_1_14","Lead_2_14","Lead_3_14","Lead_4_14","Lead_1_15","Lead_2_15","Lead_3_15","Lead_4_15","Lead_1_16","Lead_2_16","Lead_3_16","Lead_4_16","Lead_1_17","Lead_2_17","Lead_3_17","Lead_4_17","Lead_1_18","Lead_2_18","Lead_3_18","Lead_4_18","Temp_1_14","Temp_2_14","Temp_3_14","Temp_4_14","Temp_1_15","Temp_2_15","Temp_3_15","Temp_4_15","Temp_1_16","Temp_2_16","Temp_3_16","Temp_4_16","Temp_1_17","Temp_2_17","Temp_3_17","Temp_4_17","Temp_1_18","Temp_2_18","Temp_3_18","Temp_4_18","grn_ndx","blu_ndx","gry_ndx"
"1","18127","Porter",0.183094867204244,0.185684344076973,0.241517553906413,0.134916951103884,0.0583547315427235,0.202435184940512,0.248426673751732,0.116463201651587,0.13587062034508,0.144798873722455,0.192768164891245,0.105264906400329,0.110529328785965,0.145318360489563,0.222451870999281,0.0868452161415836,0.103429153898307,0.173545473603411,0.199702092917022,0.150477648913958,0.097929632688789,0.512132271666364,0.737436841554519,0.38799825906011,0.171112526305626,0.540962609180877,0.728320022692217,0.438073004883686,0.301776271728038,0.528482226487806,0.745873866720354,0.365796002370624,0.353658887127606,0.547038736539673,0.736535916321499,0.401457325793629,0.256633745487841,0.575904444998681,0.731914035604642,0.383406614816664,0.130083849936748,0.110780297727274,0.0577181478137351,0.122830114649546,0.136142346331499,0.109062570870388,0.0608918347603342,0.114735441822666,0.123218133476247,0.109449311481726,0.060329847864274,0.113633492929385,0.132363581495787,0.106426959292582,0.0602689552302231,0.112293203375872,0.124586844594878,0.104973755045293,0.0586902781518983,0.111626763463069,0.00123791579228283,0.0246507806080526,212.304424828159,19.8262223656685,11.22421450133,12.6259067436663,14.1567415215485,17.6581501878474,10.5592532718191,9.69712672550951,10.67687145882,12.4071787839653,9.42405985806355,8.54474145933165,13.1330663450644,12.5449491083965,9.59358730802011,10.3476970981357,13.8025812949915,13.8034129562002,10.5135909129874,9.76996483798877,13.2846703337369,2.01388938748259,0.838004069119667,1.07597175069098,1.55594170764517,2.08127799461195,0.908716958913043,0.973323941671564,1.72349412654792,1.28982262662325,1.16204148139146,0.91222590379472,2.12601737635196,1.23198508442477,1.05538308867785,1.06362950279023,0.849176656176247,0.677887080195945,0.529799437109035,0.265190479627044,0.830087443858067,0.575604094475532,0.583596302430553,0.537508004350357,0.419969871897333,0.552159917041133,0.723225605566186,0.699553180054357,0.44122686416474,0.201871134199955,0.18596301884708,0.172742989125463,0.246698875062859,0.255612198652159,0.207444826721068,0.267434330410711,0.263577651100856,0.269600566504133,0.303026764654388,0.207348403841526,0.311916595295794,0.0297210559420343,0.0372540247775829,0.0303831656548388,0.0183973697396018,0.0226315346561011,0.0323530616071886,0.0306114415464435,0.0216587538522536,0.026951715033333,0.0367580789861467,0.0290389417524502,0.0206003775965536,0.0275373145044095,0.0383715465689352,0.0315711268054699,0.0242156423643635,0.0280423893018541,0.0374518002344383,0.0309052620015751,0.0178317356634282,12.6803139159203,9.81243384932531,12.4717321756343,8.28272096387852,9.45950856518334,9.65388529753234,11.7891516752094,8.13372066046433,8.88878001242068,8.63528516749035,7.96092369131309,8.33081781031562,9.46259278083494,8.25477948890128,9.67025727214829,7.98589972148886,8.02212483430359,8.90514820054994,10.892457348456,9.27994383605857,18.8205400230264,23.1476115530009,24.5518061764042,16.1014320237184,20.3513626609558,24.0403199364342,23.6412660180298,15.1231849508983,16.1276023922735,23.097290233402,21.3552769305967,17.8763493402335,17.5466623235748,22.8644944851577,24.1501611664144,19.3792250467894,17.2832680829941,26.7554232613807,22.548479547242,15.4111598734985,0.0247470568100277,0.0189702249129801,0.0267365419197959,0.0283786571334402,0.0518080675385237,0.0166140609285385,0.0105048212847973,0.00838416818400804,0.00817961798484943,0.0119235979067123,0.0109599207971022,0.00997112333949046,0.00685616726386334,0.00951197630769421,0.0123811647794902,0.0135899725291287,0.00504860881143598,0.0104066387420381,0.0539890006628429,0.0264945128269114,22.3059926530623,58.9674451729266,67.8634259577354,40.7269499158898,25.747978572485,59.6744033951395,71.0794848941248,47.8152888728246,34.1784353075991,60.1677056800761,73.40545130207,44.9261812916915,35.7305580082739,60.1185795447821,70.1228500403825,42.7968557854608,30.6639219736994,57.3545005597731,71.4960786291293,40.8594078621907,0.792492081258322,0.0114543923943425,0.196053525864456
"2","17063","Grundy",0.193757739781656,0.159744483823385,0.269398680326866,0.123172321067378,0.100903885566491,0.222692329230774,0.276990431982038,0.130602158698187,0.140184990864972,0.143598055179858,0.201374475008087,0.103176848949083,0.136590687805282,0.156550841459733,0.241156755538883,0.0936059566446552,0.104135256490969,0.12762585542144,0.2444040893845,0.136334885479936,0.0934410244308287,0.457592355983651,0.713924340261575,0.288535567455648,0.143226187888564,0.489990437099375,0.661482482546917,0.309132879603439,0.239538146362535,0.489738721805396,0.672434042493918,0.264936810447425,0.27963767334133,0.442774271034484,0.726338187938704,0.315659093620084,0.256419893744437,0.538466129413023,0.66250859596864,0.316500383643356,0.140419602615226,0.113997334253537,0.0539453293397249,0.134833736991646,0.142028686451524,0.114704362965156,0.0639983915799871,0.13648303046282,0.125972094808176,0.103116764104253,0.0605936551839727,0.139979805155471,0.13916050065662,0.112882267382773,0.0568538812378395,0.133567040271732,0.13223809670574,0.10270338768703,0.0616407794685941,0.130088951475519,0.00115838243731476,0.0379225061830173,177.459219131407,21.7289949009857,13.4336307333799,14.1927191049524,15.4876966539337,19.4217040179096,13.5114065250482,11.6656333328964,13.2708752632927,16.1272224338214,13.597422690993,10.7686876484115,15.0814397965987,14.8948947139152,12.1614383876766,12.5401964109001,16.00906678221,17.4331005187636,14.5466429733188,11.3166926942968,14.7645819641201,1.50813737843318,0.908019408989031,1.18430791653981,1.4086630177321,1.51371949434477,1.29656757938891,1.19780456724977,1.02339951587136,0.739727229150189,0.7210762400521,0.872512348653458,0.91145423523965,0.752312205099214,1.07193673787192,1.03342000158582,0.927761106479296,1.11778278470727,0.879971165747458,0.760576152840824,0.744240268684082,0.443719270646032,0.452035402966646,0.428583754307951,0.34932743989527,0.453872483914683,0.558395873340613,0.572740066719763,0.370064097844365,0.22937903929769,0.20193639375509,0.181364703060474,0.236603039876548,0.253419411152921,0.214801912354912,0.244869130449362,0.261490821150444,0.284554099161961,0.279766557880993,0.211467711434616,0.292268371051339,0.0291351900840607,0.0360374282016699,0.0296639047289745,0.0192919177358689,0.0242154223849016,0.034416299964388,0.0320843399578348,0.0219154295688902,0.0261937418686931,0.0377266050208136,0.0303648883524456,0.0235839485170079,0.0266329766514497,0.0372299392970996,0.0322873363638357,0.0228732328904948,0.029563487068998,0.0377455455299408,0.0317973993405368,0.0180249600751849,11.0076460645696,9.35007413359388,12.3569527214849,8.42186913722228,9.54481201690774,9.26746138284153,12.2599257109879,9.2815351273929,8.71757222165377,8.70660601896583,8.28505117836219,8.20658809727907,9.31535356652117,8.20265941431182,9.64522798495753,7.99000067879912,8.03100162405469,8.82688090630238,10.7987743560087,9.25999865095574,23.6991884242574,27.3856578757718,29.5769536442139,20.5051070037993,23.0081806450173,26.8288363687086,26.3650242773246,17.9073447693701,17.2027082388203,24.0352157143061,21.4918649033486,17.0788201806178,16.3068538628033,21.5461247279835,24.0312317347389,19.9869638979189,17.4642264231708,22.5554051646888,21.7004127030715,18.5031539762895,0.0258253415937475,0.0170724879035086,0.0182732443286065,0.0305020750330581,0.0542315983191219,0.0206809589072681,0.0153205921629295,0.0107595759558339,0.0116145191967536,0.0159036773621655,0.0149060212381289,0.0185017586430045,0.00824974451032878,0.00901444382222349,0.0107015450128031,0.0121961385572156,0.00514534168307779,0.00888415778045038,0.0994241128676407,0.0474190949312636,21.4262263289386,58.3473835919184,67.6134417314522,40.3458693206359,25.820960636878,58.0266820462597,70.6315324096176,47.6768873172266,34.2253724811299,58.927161544586,72.7759542693211,46.5487500384929,34.909257226804,59.3483105790782,69.8535250406666,43.388393983896,30.6884103477837,56.1277221874668,70.028442087197,41.5668677591825,0.861568649290997,0.0319317606114994,0.106499590076581
"3","55079","Milwaukee",0.177338482221452,0.161034470484996,0.246530330961154,0.142263412306014,0.125436232405401,0.21515122070845,0.283047344827042,0.142339525466115,0.138544596694357,0.177439623619635,0.189191983761014,0.125054860447837,0.140725282679284,0.175693805216895,0.221754650705909,0.0981085151168988,0.130172336492608,0.187591031055956,0.202292936815646,0.12467805672951,0.0669253007124836,0.461071396629135,0.555999870957999,0.333030002842332,0.142579948697155,0.480539628836526,0.553470870767576,0.411625162604777,0.152726186419847,0.486314128028757,0.54813715458095,0.319166804014564,0.261685831547677,0.484455152206693,0.539012701548022,0.395520753633493,0.225760102623898,0.451784343577396,0.557383078908634,0.401906818587115,0.14883286460365,0.130974618789566,0.107981096343753,0.135068698784874,0.149762254785932,0.125537607124656,0.109905875715855,0.123793170333673,0.123455920904493,0.125998759883354,0.113778385353589,0.124594044804064,0.150693758654476,0.126297351031181,0.112180432847901,0.129433706000045,0.144647726071084,0.135192154405209,0.112143007804908,0.130682390967482,0.00674881834938697,0.109530583214794,216.709131059063,17.0939256863438,10.6007936729985,11.5511496531675,12.8514891416894,15.24152847035,11.1461551179248,11.373604659166,11.9251963193522,14.383842682601,10.8035342839161,9.34607978904909,13.3651853170707,12.7607285023414,10.2766486604726,10.2464475943727,12.1709635098323,13.4611175178973,9.95052963775049,9.60925709573846,12.2232899428431,1.43863771972412,0.849317013963018,0.902087168283178,0.799078280183024,1.06112811422958,0.906106107943767,1.19884683990885,1.18354790376905,1.61194974175558,0.88095870796342,1.51639425415403,0.669785992519276,0.480146778765986,0.18029018977967,0.145619947235411,0.255540637296769,0.227792439004605,0.143909902387374,0.28167496784822,0.210443374230546,0.126250994260586,0.233060089953424,0.255108653142476,0.263070854489529,0.280009201122382,0.29264730774661,0.307828744266654,0.356017798439707,0.384075796027611,0.312130112566616,0.202312158826066,0.208387777103299,0.2171579400769,0.187099161328666,0.21456725814858,0.217381153091428,0.308372935775673,0.259085576064556,0.295045270434823,0.282261248418311,0.0281215176585092,0.0358934709073639,0.0296985745180933,0.0191408412353497,0.0263366432566392,0.0341284370545303,0.0330288112587474,0.0230745924120056,0.0253066767356855,0.037932601742775,0.0312961997652418,0.020676626851663,0.0279105393478321,0.0368619478528903,0.0322504734480025,0.0248635222984327,0.0322155113918852,0.0388217999640942,0.0325677110886421,0.0201242477136265,11.9574007601351,7.80128322522637,8.49626519025474,8.90848512907286,10.1745709626807,6.84545754775892,7.76580289281788,6.61422065515098,8.68612294041076,7.06169702725254,5.2860103664154,8.03040971254048,8.94416016026547,7.96686521329378,9.57079025284834,7.762959790942,8.00584326970628,8.55698197393295,10.4562654739423,9.26274289175932,21.8230859504146,16.1348814347051,17.4213529372453,13.6013088538331,17.3338327041561,15.0231368294142,19.8689876152136,13.5427783474983,16.3714463775222,17.9345768498493,15.2695376666138,12.9563253614336,13.3235935642573,12.2471778877768,14.9588017904572,14.5413764571058,15.0330870168477,16.1296567604857,16.6574751160732,14.5500168698611,0.0216395949645453,0.0147857475207104,0.0167156725189255,0.0259627569546316,0.0455621263465366,0.0170546254119273,0.0129900915736325,0.00880138454680592,0.00940457064059601,0.0130594883691705,0.0142212669215408,0.0167952758865497,0.00802099163965938,0.008983403378051,0.0106941484375877,0.0124063610866305,0.00513623625299712,0.00883802139381766,0.0884821967541069,0.0423253125287221,19.9251624930804,59.7378888408286,67.3075889272676,38.4412891447629,24.3058758378877,56.1129093197298,69.7308433283105,47.5512878884632,33.9986259791454,57.1675440542728,72.2449445982237,45.9076436885221,31.9980061939397,57.8957832629447,69.0537601758542,39.8508299804514,27.8921314337176,55.0200438736852,70.7215964261702,38.5318144069796,0.196056196663481,0.00610029396477154,0.797843509728611
"4","17111","McHenry",0.203562662920634,0.140086834767429,0.263857301491536,0.11791972100515,0.103627124098692,0.190817329392336,0.287125365078551,0.139372882763398,0.146845829411623,0.149078849996786,0.221678089399062,0.0853447284205049,0.133753061552347,0.148398850973161,0.224611523505712,0.0802078637475664,0.122941418222859,0.14959994907651,0.254995413576752,0.104463982025517,0.0552049134757313,0.528753785433892,0.733223435416748,0.390047036363769,0.162047844628203,0.547288897403768,0.729106076000798,0.397732670584293,0.154472252817511,0.5567590753661,0.713792095883427,0.308471791158979,0.312475271536055,0.523751060930995,0.72298693382747,0.38233979031548,0.293647318291826,0.55521676584939,0.696496989107995,0.369867976319706,0.131977507429355,0.109823804143742,0.0588754166236704,0.117844378714087,0.141125803666482,0.108865006988994,0.0612769248349654,0.114926923767907,0.115625671721188,0.105970029730267,0.061760959873146,0.113529930606493,0.137105467876655,0.106803780209254,0.0680764901070891,0.115662932017701,0.128355694648409,0.104467251613288,0.0652132676983008,0.116070869517678,0.00143288147901011,0.0754395916052184,265.906488843757,20.5073475202105,12.4344895861058,13.1027249359503,14.8532004445639,18.6443314403549,12.9036441008881,11.6453551353545,12.9654290972281,15.7671854416214,13.7962310556248,11.3328578871079,15.2385158890428,14.8370114048976,12.2925659418782,12.7773456422024,15.7198493695705,17.092025826076,14.0452894810175,11.7702317218921,14.9064710133467,1.44617910379722,0.814230405736632,1.10224893575897,1.27691557518272,1.24742103218018,0.996815678617593,1.09964907149057,1.10940190025574,0.861566518662129,0.665057901252892,1.15406904015024,0.784829789613095,0.715143617553192,0.921633893667265,0.762027262796141,0.655005622031806,0.924292605334361,0.919968803734923,0.594425418568956,0.653796679988478,0.266197288376123,0.28604049310384,0.292038225934915,0.26375087200581,0.328694177346681,0.351400770318826,0.406624608785675,0.292125627406943,0.276448838197232,0.231580462017251,0.192991830590295,0.222569519037965,0.246951064693948,0.21955023321386,0.217221506865472,0.254245326742826,0.303299985365373,0.252465355027757,0.225373518032508,0.270053688903729,0.0287020855683092,0.0372239795116728,0.0300095749620646,0.0193992815563118,0.0261750807990946,0.0344793326134244,0.0328795791551327,0.02338783082912,0.0270175453205712,0.0383084895035386,0.0313435981311094,0.0215762449049148,0.0276459891241312,0.0383270352178687,0.0330626950918851,0.02418514670222,0.0313299904243045,0.0396862830258842,0.0329201125787593,0.0195183505716729,10.7544468962463,8.26389591597862,9.86836466570166,8.94629204739783,9.56733280815864,9.14718142058859,11.1413349150529,8.93248292010952,8.00243982427579,8.16027576221503,7.50563708368649,7.62661424740701,7.85097916749683,7.64492676410902,9.65607414689175,7.631737866188,8.14367227559731,7.94900760553266,9.99660022733432,9.3222979828504,22.5346533807245,22.6747979787825,24.7255428744796,17.8220603897432,19.9755603738353,21.6757939858526,25.0981184028457,16.4711879869787,16.088615579762,21.1975793151509,19.0578808852102,15.277846167592,14.7024948857957,17.0042881697873,19.8034138541565,17.1067474027689,16.039663002157,18.8726162383047,19.1101363469306,16.2994431194364,0.0207108536167826,0.0136907745635542,0.0151805833021155,0.0230036822162987,0.0361444516212035,0.0213497343345826,0.0165990844302374,0.011896005750835,0.0133366878004454,0.0167005966304972,0.0176021776125638,0.025399178956433,0.00811615984166338,0.00889656467123408,0.0104326993555583,0.012309258569706,0.0051329740578276,0.00854341068552829,0.0883916581532391,0.0423032591247248,19.6522432652915,57.3709754878935,67.0554415291166,39.2986574611134,25.2300941036698,57.0728445826642,69.4942482371122,46.7496274211362,34.6535438866488,58.820769261854,72.099960366096,51.5667537098504,34.5710916697675,58.5822491183311,68.9079186390289,48.7367823660813,32.1353168400999,55.7783470348546,69.4749738895548,46.3771955973711,0.730885505769243,0.019377093832484,0.249737400685184
"5","18089","Lake",0.362644100104863,0.172348561772399,0.25145107265496,0.1388677306131,0.0742816412741925,0.238922225677605,0.253598190217473,0.111232747722009,0.14996358653438,0.136802759892949,0.196800716574116,0.0918817467276705,0.109576707449166,0.152283612330684,0.220131099234621,0.096517802619576,0.106322342806523,0.153573813667729,0.202987089679435,0.137514417784374,0.0908164174763286,0.486930785354759,0.669698213610266,0.369673026699041,0.164473300064814,0.508203111897622,0.654057518057525,0.411717143003097,0.291002204285136,0.511433956016387,0.681602835607316,0.350245336517692,0.331939665935934,0.517629966522966,0.663820906180356,0.384022046966212,0.234255923765845,0.531169995527182,0.668916498018163,0.362058891340026,0.133121716071979,0.10985750529665,0.0718195794090997,0.123017437806083,0.125028693502236,0.108738435430999,0.0746698988779274,0.118852260998407,0.126420750945301,0.10869524394139,0.0735790742186059,0.115946373338202,0.134718887402607,0.108967641525155,0.0752623269025092,0.11880091257367,0.131616926027376,0.107851316688696,0.0724659323455377,0.117435501684359,0.00229890420288341,0.0515901060070671,201.167074412423,19.9738671616194,11.3740302594727,12.734545190764,14.2057411315163,17.7335091607731,10.6673212455776,9.76810040086403,10.7722716435948,12.5772218818799,9.6258165841389,8.58703132198051,13.2159572250851,12.6547867946827,9.74235550910761,10.3903938556307,13.8816724069548,14.0904517581522,10.8745295878434,9.79182780639864,13.3445638568999,2.06044293705229,1.03946866053996,1.21742440179885,1.4486049816381,1.99227668228082,1.01500129531213,0.840634299177584,0.992488983389346,0.735960181241743,1.02865793132108,0.751086246293341,1.91002925301609,0.982299689185072,1.02037944193442,0.490120885226145,0.628214440828472,1.19907253799506,0.496883213201492,0.00673265379936642,0.883743723995931,0.608173668637292,0.616157004774249,0.56447193572041,0.437476340852441,0.576478118273058,0.764026447867336,0.730899639348681,0.458915302610229,0.195142330697905,0.182070538938677,0.170613957272823,0.249189240477532,0.256131165440428,0.205594905715949,0.273024392928336,0.264064553874963,0.265898858532046,0.308796682585255,0.206384737689588,0.316795957909877,0.0275827827675814,0.0358940957660389,0.0296677878133084,0.0182462220557376,0.0199571608430821,0.0325235511554741,0.0312201843442323,0.021519276391807,0.0269546953033221,0.0363969858327729,0.0295261101422061,0.0205237723070825,0.0254611045240619,0.0369065385693585,0.0317291248997825,0.0222737247275695,0.0273196030381817,0.0362749720091007,0.0306054732008663,0.0164219480119777,12.571359940384,9.91189932941127,12.6417533301633,8.07507350234177,9.27670863593004,9.73548470891407,11.9572930130436,8.0503046800728,9.06448379691835,8.67869096830119,8.01859933866629,8.41636314526885,9.36383659915452,8.28016986846924,9.71204540266165,8.10825386552844,8.06621005257111,8.88449046872951,10.9332810142436,9.28616265138552,20.4807947650815,25.0717306170784,26.3880377146044,17.2105568518487,20.9604382019582,25.3073869415391,25.1125687198167,16.1910447420585,17.3324030380788,24.5012740657523,20.4740021708997,16.5064746155756,17.0989559321858,21.2552153125669,24.4878813686303,20.005309545025,17.6375591075884,25.7154066847407,22.5581836039944,16.4614385935106,0.0272240714206239,0.0192566601579265,0.0202129366547659,0.0384816456072743,0.0799298288932485,0.0170829567176293,0.0115232366068098,0.00786354182314378,0.00762674554840204,0.0137434502997742,0.0116361134932393,0.00887624525264327,0.00774944551493117,0.00941982361827006,0.0121475418753159,0.0115868699621712,0.00562445625017789,0.0106776928845069,0.0944098898147104,0.0450439392664723,22.0123633960953,58.8466929189729,67.6566350714478,40.7497656913191,25.8496283285188,59.1892243375205,71.8443084716797,48.4477412678749,34.1041815956574,60.3785267455839,73.3637748799139,44.9839773521828,35.8911088896303,60.528345675519,70.8164664817783,43.1630524247779,30.7410574896176,57.6429064208122,72.1056994596555,40.8727041749988,0.589241944494503,0.0253757865607488,0.385382269751264
"6","18091","La Porte",0.2995519093777,0.177056334042157,0.241085982233443,0.129602522826062,0.0605078030573694,0.21253964055988,0.248807695863251,0.122961370998908,0.116092559744244,0.136536900634389,0.200307568783488,0.111475097742839,0.122093412292333,0.13817789552146,0.243010457812935,0.09499189595151,0.105097549247238,0.171844474945045,0.203405615036374,0.144091823778512,0.0795180062045638,0.499438104923252,0.733651465542025,0.370498707844056,0.167601580077188,0.538993221428469,0.734156783214576,0.427167258433086,0.259504095887948,0.517713105882243,0.739574005760306,0.361298098257906,0.344371956851271,0.543644186547048,0.744996295379792,0.399699337717941,0.218918688137451,0.572034862598212,0.736806866665967,0.367991897699644,0.119177322676137,0.108424502320443,0.0554675791517591,0.112542358772305,0.121362743198137,0.106361774822858,0.0578092734711666,0.112029990937104,0.117228232251936,0.106827847668338,0.0576618743346183,0.109645773239403,0.126402942714223,0.107188767136123,0.0546558159685142,0.108739408930732,0.121101724450912,0.0999789797272741,0.0549972617809502,0.106717163485793,0.00151349833504035,0.0111567821491486,222.952177503567,20.5474795880768,12.070303936531,13.1912685003409,14.6846843927801,18.2871324233426,11.7515711075967,10.3468127785468,11.7829323968535,13.9294870553546,11.0133148849675,9.40064338173365,13.9072237473968,13.4881665850834,10.4732533677214,11.1889977424339,14.6641148725679,14.9358658233392,11.7551852644575,10.2410165374586,13.708354146356,1.78297830887983,0.627430441086599,0.945100000796427,1.47320044152679,1.99152129682036,0.94528789969661,0.996816657076705,1.61977907656503,1.23279230551235,1.13461275753104,0.954885897990611,1.95288402230615,1.2025589127437,1.08641269678798,1.10165700913176,0.838852617751831,0.729079417634976,0.581691517139699,0.35244370838578,0.858601205641567,0.518686174051382,0.527868715651373,0.491453130771606,0.390383369035043,0.510416151353071,0.653498217244745,0.64525786953958,0.412205613786448,0.214694076857004,0.193628021831451,0.176465968576796,0.242299716978723,0.254332745050726,0.210131706548521,0.257954004979176,0.262256805993358,0.275923191871072,0.2933679157611,0.209918138565068,0.303837859781084,0.0284021173495005,0.0358713206452828,0.0287756208413517,0.0185714010674237,0.0223184810908696,0.0323490169472419,0.0302545414462082,0.0218072988320398,0.0263828706921582,0.0359780420376949,0.0274234373839949,0.0207644880498271,0.029157447717817,0.0383365399155523,0.0318352384312287,0.0245977969346891,0.0283746232546065,0.038397841573339,0.0300059341139221,0.0180772426579185,12.2904512138837,9.7041024517747,11.9820309894896,8.42566297422489,9.58998170797781,9.49129310021034,11.5543907258487,8.14055528545548,8.76122539518024,8.54869217965019,7.80874023952697,8.25710247127154,9.49234289291391,8.22575051547917,9.63361461849963,7.93030098782381,7.99586146282436,8.90285342704249,10.8453098544638,9.26941000344259,19.6338936284368,23.6158787709996,25.1127677263404,16.6770478470915,20.6581693874411,24.2502638558675,24.1872135460272,15.6372313015054,16.384311399947,23.2223941973218,21.0173079243703,17.3756178566378,17.1449163037052,22.1562008188531,24.0056436654056,19.4830856435242,17.2851430486387,25.6732508524404,22.2202355748265,16.0073288969621,0.025666355289392,0.0187960172195646,0.0246394128372966,0.0307797364424641,0.0576892225197568,0.0166986521270019,0.010997424379573,0.00829919120674177,0.0081955938202428,0.0120836482057922,0.0112700345354506,0.0104444104832495,0.00717124967692016,0.0093688639033973,0.0119627760914638,0.013330814908234,0.00503748904227887,0.0100822147196328,0.0657831205408397,0.0318754169799024,22.5520329299004,58.6747405275624,67.8457313353919,40.9200271431726,25.7846512450097,59.294679748123,70.9650979840048,47.792128609407,34.2011161015724,59.8033215583806,73.2689026335864,45.2345248707868,35.5118882497898,59.9018286538698,70.0094688178089,42.7564115384293,30.6230880011549,57.036376446888,71.1401520581786,40.9277906233048,0.857684625675946,0.0122215542715334,0.130093819884153
"7","18131","Pulaski",0.189044194165659,0.147929055944418,0.250634016295028,0.151788767516564,0.0924924719074203,0.195277013229722,0.224206225106892,0.118401996076501,0.11108250464902,0.122643823498926,0.189714798166103,0.121315023751669,0.121246404890387,0.121067727617827,0.195531775837501,0.106144369548268,0.0935556898255601,0.163072699069287,0.176476933832401,0.174576218595083,0.0886917823850123,0.45840301520574,0.718352836922637,0.32659499603574,0.137591289323997,0.478323181741389,0.678876453855,0.346156570921761,0.307040008128527,0.475355242800377,0.727835784750206,0.319343091012576,0.30090444926342,0.506490633298386,0.743266759330917,0.31375499846178,0.230404683424975,0.545571262255693,0.705138763876569,0.334697373969383,0.151706114824248,0.123716188087825,0.0555139404018252,0.140892921029486,0.156853437007731,0.121090027960472,0.0664935822670276,0.139245893621341,0.128344579517373,0.114382429663138,0.0564365867275754,0.139817399110697,0.151176723840318,0.116687953351967,0.0516374908785149,0.132047434801943,0.142291872334613,0.110935808374332,0.0593660546002973,0.13146570811743,0.000387904713324343,0.00413564929693962,213.303546422764,20.821803877825,12.4187369358451,13.4226592366019,14.8706080323906,18.5355160999535,12.2218177375762,10.6923684892426,12.2061500714967,14.5570303969782,11.7160987435933,9.75827838370778,14.2214483792768,13.8691139197527,10.9189415269888,11.5294684945699,14.9901797402684,15.565135604789,12.4621148973186,10.4844641823528,13.9364025480398,1.43381782747479,0.708435381119462,0.771404179242941,1.18760203156617,1.99841448953075,0.957635269863138,0.921393688450775,1.58812656680644,0.981220824842713,1.00551229991432,0.907568310981353,1.69168799686669,1.04668035193649,1.04293400971134,0.892544896963512,0.787764530225269,0.916183249579667,0.628260116028924,0.335606268361346,0.827949888455759,0.501631523406239,0.512312720293245,0.47869035988627,0.382497471802682,0.498641363641662,0.634136680683092,0.629460604896814,0.405347656375421,0.21957037762436,0.196763204581684,0.177583768976139,0.240935840408993,0.253587271528268,0.210406050455777,0.255394039960613,0.261404226322229,0.277675365346636,0.290886452466225,0.211549018179217,0.301852986943732,0.0280715669093174,0.0362367661434131,0.0296659378706176,0.0185864633419131,0.0213387067251776,0.0328451484885464,0.0314518206986245,0.0217979117161829,0.0264847057650437,0.0369304251249316,0.0297598053968525,0.0208963283681988,0.0268644855008749,0.0377860542808908,0.0321933004428918,0.0234210570631711,0.0286392664784878,0.0376703078474162,0.031281169733484,0.0176172228753443,12.0143347993382,9.62260092931705,11.8433839373593,8.41534941210246,9.57142311093036,9.40284642392293,11.5275398606205,8.19707759497479,8.76737455852373,8.52486299857115,7.78453721952793,8.25122819211091,9.42505087667107,8.22010729705331,9.64191553669591,7.96158577096275,8.01151760675574,8.87570917872578,10.8342232503015,9.26783652025575,20.6595073791453,24.4106457113135,26.0115417672939,17.4386898731771,21.0762459776242,24.678792167834,24.8024049700539,16.2169516920748,16.7760269174505,23.5069692736327,20.7301099002608,16.8803627354927,16.7921605831932,21.4373455915301,23.941065115412,19.6457029079188,17.3493683123214,24.6818245634548,21.981168137985,16.656250429114,0.0264091772220665,0.0185109556439226,0.0217479349886636,0.0332361807610695,0.0639758111463784,0.0171167977690401,0.0117573530965533,0.00831571940911935,0.00833136192388136,0.0128380789192712,0.0118476537644025,0.0110333369916954,0.00765081020295497,0.00929179625020257,0.0116291910785846,0.0126621702145184,0.00519187880542847,0.00990622963854924,0.0816848345217969,0.0392209294601055,21.9032006038921,59.4333242569411,67.6568514663785,40.429449998021,25.576898074722,59.9541579184205,70.6153684857465,47.3506293284982,34.2147738138835,59.5428530438268,73.0936485776436,45.6343192360044,35.3057058033024,59.7781589403933,70.0708585664987,42.9525446832624,30.6179242745424,56.7972425992475,70.9619867973233,41.0547951003359,0.927355053450225,0.00350851952514285,0.0691364258599011
"8","55101","Racine",0.225893609073697,0.129517524369083,0.256983616705856,0.108308832858248,0.137773407739357,0.197137271601926,0.335908769773106,0.139573012847526,0.121346723295689,0.162659143738952,0.197832715858128,0.0896375446665182,0.0915030055386575,0.155426680468877,0.236413227450778,0.106224467928624,0.13721551243819,0.177756840098616,0.217317594315612,0.131705252905208,0.0523621814090423,0.488560273073184,0.697662775591756,0.323074835387316,0.15865789269264,0.519762182108332,0.691876515597994,0.411356224929803,0.141217312179869,0.518563207690687,0.684474603067454,0.322457099924633,0.259744876044688,0.510456549122219,0.66640728790587,0.396405132470752,0.262074529568845,0.514147907214065,0.683196857527165,0.362904767212064,0.131270325698662,0.116447018501647,0.0694480845741341,0.114853964062844,0.139223065047606,0.110842433389968,0.0738146943905255,0.110602220773283,0.118014977346578,0.110488811570277,0.0740483366872339,0.114870470258954,0.138995307673678,0.110961922909604,0.0792486166625511,0.117130079774613,0.128396097171389,0.112077384557055,0.0747570879017525,0.116539208667041,0.00234663135803785,0.0333006856023506,229.957667276978,18.759708546518,11.8789999538724,12.8454493523578,14.0950356622634,16.9576609421897,12.4750378241618,12.2107813944429,12.6171225754218,15.2979660912195,12.232117304489,10.6441835362344,14.3233126986856,13.7939063781155,11.4958810535397,11.5900258541574,13.5122695907907,14.9257185008453,11.5890604424547,10.7590698910974,13.3164208717608,1.46869693049955,0.82647198812268,0.995837361875641,1.03772057118542,1.16165558633328,0.924826342608856,1.13793500735407,1.16431787665514,1.28957059100839,0.800257956070951,1.36409401671777,0.758710586534308,0.605534929311474,0.520203103689909,0.413698932566442,0.421488478006275,0.539273246553572,0.486349858394683,0.395624301488439,0.422370775760563,0.15167574666944,0.242634667691124,0.261771854235773,0.263150971415694,0.288821536810461,0.303253442428488,0.325756578732658,0.344328685354416,0.364476804401685,0.297459067402811,0.200618787344826,0.21096627368983,0.22258666512373,0.193018247387085,0.215037022380707,0.224098711417774,0.307457617780487,0.257864546997657,0.2823494733781,0.280024113343348,0.0323333020826453,0.0374686371327089,0.0305750263448035,0.0205681869243869,0.0287631313488924,0.0357439983471951,0.0340877934509522,0.0242878048681635,0.0278799190102957,0.0399275504519669,0.032871914666281,0.0236082855086631,0.0282797876938842,0.0389543996063899,0.0343873433688479,0.0270106734709776,0.0335393760473733,0.040730417234482,0.033667181986115,0.0212245520503496,12.4655973086978,8.08819037483208,8.68609153045146,9.22303795137321,10.5362680483752,7.50394681805378,8.50848974607133,7.11569854398199,8.49907363430176,7.14749097543879,5.55647043149688,8.09334450580698,8.74366687770922,7.89913830164014,9.57738461340326,7.73177045659617,8.02603613407908,8.44194681894301,10.3585420098524,9.27089293346349,22.8668588849403,17.4889568698745,19.5159246480196,14.4633185987258,18.9188969637341,16.3145289388389,21.6813014700177,14.0159695062068,16.1375114523115,18.6822438459555,16.3297203990551,13.0582104644626,13.5261738933149,12.875470097922,16.0368897207337,14.6478423707983,15.5392747583866,16.6999309513641,17.3091133950856,15.0713837424642,0.0204775685829409,0.0139823777192472,0.0158235369337746,0.0242942236892945,0.0418892304370149,0.0168026935393091,0.0130351103876921,0.00877102194344816,0.00945964548736811,0.0129582844656344,0.0146548557747429,0.0178609206582931,0.00804227176984365,0.00894926631244868,0.0105994306103373,0.0123802578253681,0.00513522157009534,0.00872960543747076,0.0880146478462406,0.0421114524572825,19.8511914599771,57.8250161786504,67.0786368270112,40.1565973279992,26.5550828647894,56.3606053388784,69.4029752710774,48.2692115253146,35.4582885981307,57.6129905371895,72.1341466875665,49.4845354227782,33.5033951515549,58.1805768512722,68.8583936551175,43.4652765294597,30.7250240169006,55.421148634564,70.3958727381722,42.5318133272924,0.731068495031397,0.0529441483580826,0.215987356846772
"9","17043","DuPage",0.0771761859854115,0.180215527994435,0.241556653758787,0.142872037880068,0.108015149413507,0.260429255124905,0.229439139069065,0.115628704882118,0.163682391368642,0.215538516859568,0.200509915923835,0.0755609686389675,0.107927490295481,0.197653972323894,0.199897287931422,0.0958454753198941,0.0906335086036954,0.176301973884591,0.22319027478147,0.099812733836214,0.110408172877222,0.522873513392737,0.600532693806,0.407833851084254,0.163788669722121,0.549146141798274,0.597827367257847,0.45101111600369,0.264270578740714,0.551112588686558,0.598152894397723,0.349683398722914,0.357169051563752,0.552341587520972,0.572058139621023,0.45359229894525,0.296417207870503,0.537152225532787,0.599448979369991,0.411071142254071,0.126838491742909,0.108569142169242,0.0915017361867028,0.119349570395689,0.143339023338035,0.108555218902615,0.0950468433248847,0.110278094466873,0.128253966726261,0.10310008193504,0.097996964112534,0.108153044966373,0.131218619746276,0.103797153474964,0.0994136445927908,0.113340061435482,0.135168106747637,0.10962187533989,0.0956550526226493,0.108744545481075,0.00383579012744409,0.290661070304302,222.040203738938,22.6818018429927,14.5489333964345,15.4254747813046,16.3119381697456,20.8767799885801,14.882797275235,13.3487746898175,14.0674009213042,17.2335823295249,15.1260210119289,12.2238755891606,15.9436579321014,15.5432260639395,13.3712357474024,13.8065621345016,16.9888898022903,18.9544120940682,16.1464266882113,12.8982943647931,16.2729304544823,1.28653177884793,0.887509164692598,1.20775795458246,1.41600016794575,1.27142870138475,1.38397742800047,1.31448648483781,0.96377444830171,0.701490499477947,0.540347723495547,0.888238777894163,0.548105335404465,0.622032328204868,1.04889334780472,1.14158576889528,1.04152874449993,1.08314158777625,1.05301775962333,0.969310286850644,0.627960010628135,0.361217432513692,0.355287980620533,0.347326187465774,0.292746708031591,0.383112256230487,0.435911439179373,0.487444816206084,0.302295400754227,0.233503807707448,0.201320495053829,0.186729476012188,0.230866072466841,0.256628956587092,0.226119052700831,0.227202123947684,0.265964823717335,0.295708925094835,0.259994830424113,0.203152707497446,0.274463499236582,0.0246998069364214,0.0339883243369969,0.027770493959408,0.0174476434569513,0.0152260412839276,0.0317353936242563,0.0311811550560428,0.0207124293604934,0.02381766993056,0.0367944079675054,0.0309214002227045,0.019007076548387,0.0240296398632518,0.0364523357306172,0.032067388352808,0.0219952028913175,0.0291868396502102,0.0364903844228446,0.0312122148359028,0.0169217452232932,11.143037058499,8.79532846198627,11.3781476065845,8.52199546337628,9.53151673760269,9.94904421058807,12.1074598918807,8.52360680671203,8.63172514816396,8.83062387088163,8.31301693651133,8.15929463177388,9.55946169069656,8.20013960911369,9.55561300239683,7.79311149493094,7.94937257126271,8.91570846881846,10.7591433930372,9.21902537771187,28.2975068447597,34.1388906236711,37.7838587085448,26.5933089881729,27.4731295826803,32.7791013147248,29.4636586880759,21.1059153697923,17.8334594218203,25.8173512041506,25.1256441934912,19.8143099597719,16.8762703152043,24.7580099896394,24.7303246000756,20.700986333809,17.7113442816239,20.7330073549765,22.516525366624,21.2369863984467,0.0229869181327405,0.0148278666554646,0.0160654377180532,0.0237749106732489,0.0323216110147372,0.0281255889795369,0.0213713122009918,0.0162302233270933,0.0185087308080443,0.0219798636615886,0.0197238709488327,0.0307561001776554,0.00824047605617505,0.00875447809125481,0.00998196547219661,0.0122264967136796,0.00511107047978722,0.00804979110660436,0.084840730043736,0.0407224537927857,21.2825067946443,57.8875606773032,67.5700014800865,40.3678214482471,25.9627174805744,57.5267199489277,70.4004297486632,47.3573647906372,34.0569408813028,58.5020062785834,72.6062105545092,46.1807554511183,34.783648407847,58.9423506137332,69.5783632324475,42.9553282418506,30.6417750591746,55.1086359254211,67.756057923388,41.1745664870751,0.144052428255568,0.0235333964530357,0.832414175001152
"10","17091","Kankakee",0.291221650415685,0.152515403770421,0.284662397446775,0.150088022585348,0.116272688351806,0.26466040916776,0.24003943913991,0.111087774685357,0.15898523508941,0.117014847723119,0.210109685737228,0.110436836816078,0.119699051532522,0.139338558757106,0.244985865352043,0.0960593512062469,0.103621445278467,0.121357313797369,0.241717651790502,0.172280573504936,0.0962477566238413,0.443092063655879,0.729534601499426,0.29961996387611,0.155990961401109,0.467329802546412,0.659456125741943,0.329671405390539,0.281421330769328,0.484672216286368,0.696691343925418,0.262175763517301,0.293586029148007,0.448382708144949,0.725899514048657,0.301297767523755,0.253426259304298,0.527755261061991,0.660546933035267,0.326656599731204,0.142210303748749,0.118324372521687,0.0572562320221241,0.146665798436825,0.158755587713139,0.119760452482649,0.0673508568555273,0.137336376691866,0.128198387774808,0.114161517118235,0.0628577686177614,0.148725273959974,0.144411772832641,0.12139384552236,0.059125941737995,0.141136502128724,0.137716817402016,0.112985060194021,0.0666674936491429,0.135779069318455,0.00135012011742219,0.0444793301936159,197.11387013865,21.4549585718687,13.0744668046322,13.9308930725904,15.234811538305,19.0484554494382,12.93030115424,11.1626423611683,12.7891432703758,15.4363549106225,12.7035910937251,10.1891516326673,14.6618055491345,14.4251814367633,11.5827491117484,11.9867127347155,15.5296772258685,16.6395595037519,13.713009392635,10.8066435713596,14.3207381202063,1.66099815940058,0.917492022007813,1.15473725644785,1.41906254432515,1.70664689367445,1.16928307315182,1.06585503575816,1.10766371995725,0.752289794365939,0.865114888896623,0.874820738297866,1.24557206416741,0.863529365172503,1.09497182566355,0.915395116413033,0.825791895420747,1.15816969393686,0.775065442207033,0.567355107599874,0.843467551273304,0.51843424054854,0.526499745344879,0.490230229311374,0.389290009756353,0.509510877851664,0.651684689028983,0.644554112513985,0.410270984106698,0.213734570916007,0.192837927890098,0.176480224171838,0.242325188031626,0.25468294440234,0.210665193427801,0.257636198747663,0.262699893870196,0.276091035936965,0.292919601525766,0.209083456165937,0.303373806361813,0.0285772742203538,0.0360662212808802,0.0297940868683538,0.0190301428094296,0.0230476053890712,0.0339214164512217,0.0320024325028413,0.0217679378955246,0.0262591309020854,0.0374373598916096,0.0302788619651868,0.0228541025931863,0.0263177396662334,0.0372333805491511,0.0322916601974106,0.0227169513532795,0.028978859039812,0.0374515537252481,0.0317029445731846,0.0175855916552928,11.2998497382563,9.60334518328816,12.4489427189251,8.31127095284854,9.46061811591867,9.37741079934288,12.1908841180527,8.95389861701235,8.829766435189,8.69879903698516,8.207958584241,8.26838798263446,9.34024317784811,8.24518775939941,9.66873705717733,8.08926620663055,8.04957824898664,8.86320623760134,10.8673975274302,9.26319593163076,22.4802492192626,26.4184819225988,28.256059239386,19.2516139153721,22.2777498425893,26.2110342627605,25.8128623862593,17.2473424684933,17.2211161882449,24.1586243256669,21.0518636888138,16.7898340719274,16.5633879830736,21.5939024621314,24.5083500549221,20.2027278403098,17.6141117521133,23.8827244455686,22.0708803279683,17.9556661552936,0.0272554408521053,0.0182967701393668,0.0194523219498725,0.0341016661662322,0.0656184098078498,0.0179196890874379,0.012958473361705,0.0086725103161539,0.00892886992744723,0.0137209604225745,0.0126888728098703,0.0127058877194937,0.00814700955676119,0.00909532914654567,0.0110390557566865,0.0121091378088563,0.00521618367403293,0.00934415776867367,0.101331964794065,0.0482855147167003,21.7912955561088,58.7256176148579,67.7114136205301,40.5301045807539,25.8096295091758,58.7505199386461,71.0255258581141,47.8409575777238,34.174199248533,59.4601553872516,73.0392602773813,45.8144305861477,35.325213823064,59.8491739505626,70.2661180720786,43.1154383385387,30.6715450536388,56.7513308782093,70.8842268005084,41.177078891836,0.878307946214198,0.00817675902287674,0.113515294037507
"11","17093","Kendall",0.133131814208443,0.135278587090668,0.29108366907754,0.134245543168825,0.0924630688070401,0.180388762983248,0.278111834111705,0.153725923431155,0.157792888001719,0.16163821116482,0.213913231859343,0.0965305182698853,0.118408679717073,0.126438592470725,0.224684764941533,0.103395474486445,0.106634298208774,0.146895033454424,0.243132516839787,0.139439545727024,0.0990762695460842,0.470401123032141,0.722002566028177,0.322890577456924,0.141926454639669,0.485330602928494,0.705729704526033,0.343315197812038,0.242931705219357,0.503810993841525,0.695878156182471,0.265637345143249,0.305728498921635,0.449382226721624,0.730576163932179,0.338857674163379,0.279340647839093,0.53564977401428,0.65723513359769,0.346925300175554,0.145806215115284,0.116785946008014,0.0570977573699661,0.147044435069945,0.153775638304324,0.127616706116354,0.0634930110332278,0.138119177900974,0.129602424596159,0.107935803574755,0.064167933848997,0.145648117275222,0.142519344690076,0.12276537128185,0.0633655653269798,0.130143256171754,0.137008132707132,0.112458916029713,0.0670020274997672,0.131187048724346,0.00158277713438892,0.0460526315789474,199.129138277288,21.9399476720576,13.6702384770962,14.4093165763637,15.6704913503245,19.7269773169568,13.8493429976597,12.0126385584212,13.5051136476952,16.4668081601461,14.0886321642943,11.1317961864304,15.3218860322969,15.1379418456764,12.5161064152132,12.8902799560313,16.314395914998,17.92766750068,15.0656274609398,11.6986131898144,15.1215168227229,1.37738238026698,0.897758321673201,1.18345245679742,1.37846186992369,1.40800000831746,1.40578481659555,1.29549163527656,0.97669079167801,0.722487901451818,0.623691463679598,0.842891235231307,0.706300431699084,0.671979062847401,1.05489138095525,1.11489539292821,1.00219793388979,1.08849015374456,0.935257828680047,0.878482951602915,0.666263664239331,0.407835364014956,0.413385234348345,0.396355295390414,0.327658971052682,0.425297443836666,0.509720689796826,0.537057437590863,0.346108060395508,0.234278835111151,0.204186751376511,0.183704888660526,0.233970417445035,0.253727863166939,0.218130254415436,0.238027911731287,0.26206481384865,0.288978441863468,0.272406321149646,0.210436709486602,0.285833085053845,0.0265919653098344,0.0354639804440044,0.0290352368641547,0.0182385283150596,0.0203002122610709,0.0329961033717713,0.0322001279094828,0.0215502306083707,0.0253879898043938,0.0373096276327902,0.0310849964336835,0.0207589094408608,0.0253210830330653,0.0371536383478853,0.0325757049947258,0.0222661688989192,0.0289187459561059,0.0373221164479394,0.0320021410619742,0.0173223028817263,11.1804749212767,8.94606248537699,11.5816513258114,8.42581042176799,9.5043719954658,9.52068430917305,11.9081721389503,8.60934572575385,8.7058191404008,8.64826901335465,8.06336799263954,8.19315967957179,9.28601476497817,8.17388040141056,9.6316950206171,7.92782726517895,8.02180529268164,8.79756977160772,10.7513335870023,9.25751376361178,24.7875379951377,28.717952602788,31.2382111925828,21.8322273555555,23.9130485517937,27.9386940608945,27.0558516017178,18.6207594097706,17.2928787532606,24.2779686576442,22.1754883423186,17.5703688002469,16.3009173117186,22.0352825010032,24.0008883748138,20.0341006580152,17.4527728850381,21.8434450166267,21.7053487719151,19.0858906402923,0.0247181172425483,0.0158842102677578,0.016954351721021,0.0269881358999236,0.0424189261699978,0.0260829476643713,0.0196857112010516,0.0146599220645026,0.0165178006414831,0.0203417231545277,0.0182976631147444,0.0272372880023332,0.00830085883570606,0.00894896141580192,0.0104729080901547,0.0122118691419529,0.00512005630196399,0.00859617351109097,0.0970630478604059,0.0463440212821425,21.2374847290809,58.131627287781,67.5576391889338,40.2688992901852,25.8377758222714,57.7179416271678,70.4473269362199,47.5640377831041,34.2253405964165,58.7272630365271,72.6684332228543,46.8219603655631,34.7824249267578,59.1420116466388,69.6864857589989,43.5438702106476,30.7345953907883,55.8086798232898,69.4733306399563,41.7546071044186,0.832036042071801,0.00859316941090296,0.159370788957683
"12","17031","Cook",0.110987812595176,0.166352286888609,0.251411861798197,0.129377081840632,0.100044082390884,0.267498748414395,0.230869048369614,0.113240360694508,0.157844984163939,0.187549241349934,0.198680267594796,0.0830450470945623,0.114252674912571,0.191014003200377,0.205086108994327,0.104804266055258,0.0958434101848181,0.193219996466498,0.214585167232112,0.112953438487791,0.0906354441808239,0.450568193892491,0.523958284645931,0.343112137957191,0.134824506441058,0.473828591169644,0.519684801377029,0.37120022903646,0.21764983993614,0.473071096610177,0.52226987144231,0.307974424682445,0.291784636094364,0.472920555336519,0.501798270374129,0.375537306161155,0.22845686492271,0.461645634840083,0.521423720288506,0.358388471694771,0.140953439114366,0.125565930897459,0.111412810635367,0.135321638126155,0.148141578787167,0.126669521835879,0.114392157192153,0.128633798662388,0.142723226077939,0.122320027093332,0.11799441714685,0.123053911900516,0.14670814908864,0.123154249600318,0.118033434990161,0.128296942515098,0.146359963394949,0.127181662997223,0.112994367497673,0.124599837488095,0.0048089213714798,0.430134987230938,201.122357702133,22.1161844280679,13.7447058332527,14.3598735964851,15.6589838986151,19.7976050552596,13.8402821545356,11.9452797675037,13.5631479408044,16.6239139392662,14.6012805286701,11.4746071632132,15.6598940549737,15.4101270743853,12.8682274423521,13.1528184348673,16.6278048020912,18.5704492748501,15.8546786327425,11.9926760961261,15.5087779353718,1.49661750723436,0.910892241184227,1.26407088623652,1.48839057777016,1.25432302389907,1.06925895745978,1.09140692667037,0.974110335970569,0.649011939127965,0.693497186929629,1.10015534339095,0.749732076730314,0.739703864163615,1.16436149240279,0.998677634684024,0.867482029286882,1.30258855642258,1.179327829199,0.922431006978699,0.883282162213752,0.42946796556843,0.423858634912807,0.404137476425195,0.329722498132773,0.434289234880982,0.521865021525748,0.553272139478104,0.339907164688486,0.219710103876614,0.193412374793418,0.182268696386246,0.236071145983562,0.257609069358254,0.222085069648892,0.238999519343578,0.26684965480857,0.287909674485727,0.272208267485126,0.201388655706767,0.284817611190447,0.0248009841291139,0.0351368529400668,0.0292854001416,0.017532503920064,0.0180997132454156,0.0322271879036652,0.032138563201935,0.0207884021851566,0.0246292909485652,0.0367938822005535,0.0312847972734376,0.0193013864600285,0.0238682839697358,0.036750833116219,0.0324787845300284,0.0210161739528799,0.0276617255518522,0.0365812493395094,0.0322475423068026,0.0160635103193302,11.4835281413822,10.0856089219696,12.0649714165472,8.27989005537983,9.39228710820317,9.99288162181344,12.2758253533142,8.33646077528699,8.83737259561761,8.90872960506413,8.39036365444318,8.30159333255856,9.43542767788798,8.16892112480033,9.5611219893229,7.98345006673452,7.97668711193632,8.8693696641,10.7472807091981,9.2310225272083,26.0813184847409,30.3858730548579,33.1947445345812,23.7174351294516,24.6108051976423,29.0408168174802,28.6234201871753,19.7498083605204,17.2237207659054,24.493095837036,22.5989032273569,17.6867907265597,15.9280089904078,22.5958605202303,24.6559416183978,20.5142831750179,17.430238846226,20.8148780514489,21.6841375259795,20.0709854812789,0.0213497794595632,0.0148676373585223,0.0164289801451692,0.0236629069586913,0.0368463189251257,0.0163258695213851,0.01244646796922,0.00803809411384081,0.00845467712745799,0.0124134462996461,0.0140431127526255,0.0159733235823797,0.00847021260189041,0.00874355502307024,0.00972534665774686,0.0122110062856084,0.00503928397042457,0.00780774956903414,0.0864194963257848,0.0415958432101504,21.6169789859475,58.163470595651,67.8004581544661,40.5397214294567,26.0020964496199,57.9212931869936,70.7686054044638,47.3721030554342,33.9254578023616,58.8842608630331,72.8301584215244,45.355794311657,35.215348634438,59.4616791559196,70.1005800060006,42.544715431823,30.595510714509,55.5376065047889,68.0172965151687,40.6898026729056,0.12151521176782,0.027183601104492,0.851301185816922
"13","18149","Starke",0.261297862562868,0.173804819225532,0.231137982950915,0.121773795235144,0.061009312116168,0.132096332466642,0.229270894038731,0.106987324862072,0.100588170219821,0.125572303772573,0.185953727054516,0.1022345431074,0.114670989922429,0.135145292936155,0.20369344132992,0.105377576907709,0.119052554566155,0.172992496474144,0.192976325033628,0.149670797031398,0.102795607399895,0.510285266259155,0.72379362442362,0.388368699219836,0.162030982463312,0.553052506611774,0.713076772258373,0.414290553242338,0.343418617980058,0.538912922898213,0.739998167952684,0.386807291027833,0.332247572859774,0.56473509730568,0.737368531234948,0.377000041490398,0.235126329531696,0.578143611370143,0.735162120108169,0.4082524148146,0.125978621064583,0.103943971171142,0.0560294042781029,0.116508445612903,0.134858159735899,0.0982309415128074,0.0597939320550336,0.110129218644377,0.121148367706161,0.0963804457144983,0.0565380893555997,0.109599811177059,0.126213050091127,0.0958777975116,0.0525656459223837,0.106454466780027,0.119150601731617,0.0946961559763624,0.0566672065672392,0.0998125990115156,0.000760539155857121,0.0134228187919463,213.643253232542,20.6951641300381,12.2612272898356,13.3164056920899,14.7842758016565,18.4209936939897,12.0101462338595,10.5411882485853,12.0163116668428,14.2780030749788,11.4006803414432,9.59647801951807,14.0788122898247,13.6962749216647,10.7210475347719,11.3743049485038,14.8395050612072,15.2825004313083,12.1452261286827,10.3736352355155,13.832170120555,1.58310281710337,0.717229387170783,0.856637325229527,1.29488587432793,1.99554882780284,0.952226674996766,0.935979839206009,1.57837057767032,1.06678413998094,1.05126811113934,0.916211669877071,1.80666938630793,1.10380255095911,1.04869683303556,0.947429328623501,0.801874499659677,0.843410183385981,0.600988865298713,0.318982899755706,0.831683726252059,0.509493051892692,0.5196422996537,0.48471775487632,0.38626879880359,0.504171076503643,0.643274624409025,0.636808129831715,0.408764587386076,0.217466454577926,0.195434655335792,0.177068821469143,0.241558172408766,0.2538805304291,0.210205752194194,0.256613132404268,0.261733681396883,0.276847883692257,0.29208772141128,0.21091701327021,0.302828564839875,0.028292446103472,0.0361805835267908,0.0294245602979723,0.0185776360070445,0.0216734860700782,0.0326249881770453,0.0309899919114224,0.0218024504531417,0.0265076118886004,0.0366510378334346,0.0290384314208389,0.0208270251875956,0.0275769885087707,0.0379808040531623,0.0320063825088326,0.0238176552970504,0.0285090556559913,0.0378409291698829,0.0308306333556838,0.0177326189662419,12.134151165384,9.65640484299969,11.8908479432398,8.41933223011776,9.57935134516466,9.43187330873221,11.5210052869997,8.15932795612071,8.76517727231019,8.52825084682012,7.78118294890828,8.25343346435752,9.45029695242043,8.22269218240008,9.63941245857768,7.95011380854869,8.00593908521153,8.88605181909514,10.8391904809598,9.26869082930904,20.2258913330317,24.0795626266957,25.6354913562203,17.1035433818297,20.901933469495,24.5080009200162,24.5729956530885,15.9898639354663,16.6489343813868,23.4219953549788,20.8201376703762,17.0538312114058,16.9393834833064,21.7037994205552,23.9811506783402,19.6007350605873,17.3316419183275,25.091828194774,22.0905461748708,16.3934130167268,0.0261643060380947,0.0186259040913192,0.0227227960161081,0.0325566596607834,0.062309947048191,0.0169419808004893,0.0114438227092393,0.00827549979969926,0.00823338638566084,0.0125796713895462,0.01161132138785,0.0106940874402772,0.00748247538393226,0.00933553395747005,0.0117806388165227,0.012884812344124,0.00515031930313381,0.0100129693111101,0.0756686140493525,0.036446609882267,22.0514519369309,59.2604561918801,67.7064376677443,40.5412626927864,25.6193853224684,59.8448974558171,70.7027148901749,47.449608352627,34.208397577273,59.6673020569803,73.1648086957483,45.4605340978977,35.3975289235979,59.8434584487471,70.0681421591398,42.884713789494,30.6223306570544,56.9073207181039,71.0589658237944,40.9939525058072,0.887944244814024,0.0125037486071415,0.0995520067219445
"14","18073","Jasper",0.168285808994802,0.162715082061524,0.247586909380525,0.159130327201288,0.118263285734576,0.290143784822313,0.290916681411968,0.11609928844252,0.115722986300372,0.125811582661676,0.181338704209963,0.113103888369156,0.117205222918078,0.121265856130519,0.204419772620454,0.100621564111512,0.0968004242620534,0.150262076572299,0.202842366430118,0.177300562362441,0.0901604737599103,0.468641568648299,0.726165654000284,0.323014100724428,0.147801559882916,0.475500304868051,0.677363279135779,0.364690667231574,0.321615167436102,0.502487410438121,0.733910496586,0.319524215463236,0.318334560016639,0.504778653572837,0.740194552480871,0.314095443555417,0.231850661996174,0.555066329813337,0.687306733929929,0.340795090597398,0.146194159791739,0.113839004764973,0.0552063205436982,0.141264528254837,0.157601148760266,0.11153268348896,0.0679418499078225,0.124602269752873,0.111111796352862,0.103424249480319,0.0571795281897666,0.137260642104942,0.140281174538864,0.110503096756704,0.0541504507324649,0.132564439299526,0.12973096741909,0.105109734441897,0.0611953940830485,0.130593725814098,0.00069317391895274,0.00820707070707071,207.612229838516,20.8256723387073,12.3897485787218,13.4238692540111,14.8463572022891,18.5192382660779,12.1198565568587,10.6299748757873,12.0956172599937,14.413779231635,11.5553867028217,9.64433870231262,14.1398404096112,13.7772285005059,10.8450312548214,11.4304767335304,14.9188837830466,15.4988248890096,12.4070927079278,10.4193239278264,13.9027932220035,1.2374881026194,0.663438585897287,0.625142435759607,1.04429923426924,2.03989709221353,0.95119893306283,0.900093163241341,1.65560380534993,0.92046340024381,0.990288934773869,0.879005415985982,1.67493334427626,1.01874150399758,1.04112722212919,0.841351304466676,0.778676317797767,0.974068613440702,0.628701778787254,0.317100102533445,0.831101542244656,0.52689117708742,0.536267145978983,0.498423607869431,0.394961423494599,0.51666806184809,0.664039223144452,0.653235536633116,0.416976614074424,0.213176116337906,0.192791078935819,0.175930005404157,0.242919260353753,0.254401443657851,0.209574735676399,0.259410356632387,0.262301200775034,0.274966266137934,0.294892192526598,0.20982287106377,0.305141748653518,0.027988651580403,0.0362389261547401,0.0297732142134184,0.0185045937553631,0.021154267854537,0.032859596179215,0.0315595025177857,0.0216929717753741,0.0264710245461137,0.0369759365455294,0.0299812462745291,0.0209062355429386,0.0264221190444354,0.0376327151874776,0.0321829792375516,0.0231138197810982,0.0284743552152632,0.0374126097921169,0.0313900146501684,0.0174028885884756,11.9909082283877,9.69532679006307,12.0488852551489,8.33760319213675,9.49698130650954,9.48570157843407,11.7078891041303,8.26110304365254,8.83109965830138,8.58488152243874,7.89566505617566,8.28373674310819,9.40491451879944,8.2351636350757,9.65783863296412,8.00378930448282,8.02613742724814,8.87684599558512,10.8571234357477,9.27000023981537,20.791427094527,24.726658462274,26.3222740057743,17.5942618341157,21.2282976995815,24.9836589808416,24.9586542615987,16.3308223630443,16.9150537986948,23.7452837120403,20.7746560079883,16.8626411105647,16.8519802996607,21.5537664468842,24.1844911671648,19.826083896136,17.4474683096915,24.8485314557047,22.1389341342329,16.7954194798614,0.0267513446648596,0.0186230743367394,0.0213052334870692,0.0341012963267852,0.0664017791295368,0.0171891248436889,0.0118563325900462,0.00827540728237687,0.00828381581643521,0.0130290096111812,0.0118786974620742,0.0108689661719836,0.00774333555036168,0.00929363144825053,0.0116233955304411,0.0124729524873376,0.00525054271595148,0.00995439636071843,0.0852938706168171,0.0408981560630667,21.8301736128451,59.7238162021444,67.6232776545515,40.3408387887357,25.5142280128267,60.2842815018664,70.5529985138864,47.2124966443187,34.1914862117382,59.6947583044418,73.1416300041507,45.5233449357929,35.4207511213091,59.9163355080768,70.2084519405558,43.0082279311286,30.6498553740858,56.9424871386904,71.1340082245644,41.0352710882823,0.918067573025268,0.00420648010494364,0.077725946235531
"15","17089","Kane",0.143843212132951,0.136648912839813,0.267546722045366,0.137754308471141,0.110439789586442,0.195636227481367,0.258409634095002,0.141765752756918,0.143734360942537,0.175613143527358,0.192701637155537,0.0775070159659821,0.115063929658975,0.156471563494551,0.216569287698758,0.0956877730025535,0.111401237758587,0.168836894514495,0.236838370070461,0.110508676709198,0.0872327046064263,0.509195299849647,0.696014736051279,0.373086078784586,0.138307398912889,0.525922409233337,0.690547065188487,0.404048862811076,0.239109840803866,0.534284090317908,0.683947877866811,0.309014745331446,0.32553208064125,0.507592036963893,0.692944196322577,0.398281072342738,0.287370995964468,0.541945842842831,0.667238529608712,0.368143369397912,0.141321163744854,0.116531539313009,0.0665331647099636,0.127621640524309,0.14918671483045,0.117610906824794,0.0704925973987454,0.119827187028895,0.121843138379373,0.109582347794139,0.072441298688959,0.127623395276015,0.146521738404377,0.114871721373393,0.0743780838167227,0.12097299974424,0.139146586424556,0.110560001116602,0.0742864976406844,0.121354617426465,0.00240807398436781,0.121292023731048,247.460961429241,21.6789261070458,13.4520195801948,14.1815211925368,15.5887695059779,19.7403914251057,13.812484980101,12.2208462635309,13.4893827105166,16.4472395532919,14.4749071420457,11.6777386071262,15.6007471524655,15.2716817334049,12.7883381966155,13.2876415485289,16.5090806089739,18.1551505549613,15.2588118004343,12.2702000108139,15.5970384186636,1.40273260575183,0.863080207147957,1.16764345527402,1.36950247477919,1.31633029694453,1.21169388970027,1.20007643019124,1.02830778994526,0.752529528868694,0.625155969363887,0.983815104456897,0.723429110974329,0.694379366890097,1.02318820575388,0.979689033430661,0.869265250650455,1.04875686927775,0.982671639600237,0.782384026852107,0.678776415657981,0.33193879089783,0.334755930015738,0.33102141315794,0.284502705874691,0.366861318237466,0.410950834509882,0.462874119090814,0.300457685478596,0.247465653842267,0.211235750257851,0.188660696089936,0.228277402326474,0.253391572575704,0.223720759634682,0.224324701527034,0.262031580479269,0.297947619117713,0.257965751390121,0.210606659998922,0.273411995675427,0.0267324593266866,0.0353132599403611,0.0287465575073177,0.0177452486676355,0.0209069404451468,0.0325431206933393,0.0317326333796165,0.0219404785639079,0.025982234380211,0.0371743905417567,0.0310041907924272,0.0197801133906303,0.0255495139232535,0.0377526735161273,0.0325386071321048,0.022092621090798,0.0290270906909269,0.0378719546888011,0.0319402153538043,0.0175997890512371,10.9241360360726,8.56225985606878,10.824565532888,8.70760441580806,9.52381273909627,9.53860712837214,11.7103308587775,8.81210014328174,8.30633083361108,8.52181845522273,7.96495499984952,7.88744256083087,8.64935591602766,7.91105908945193,9.61766295851102,7.74199046849733,8.05870742489809,8.4059726071342,10.3705841364952,9.27964546402269,24.2825036158904,27.3182374970569,29.8103747194978,21.1107860331325,22.8708945395684,26.4339508152197,27.0744321542739,18.3494162650665,16.8250025118662,23.4060930668247,21.5130549149837,17.1116088585549,15.7629590766872,20.6042921208361,22.6311002717493,19.0746082627781,16.881180858172,20.4838445596814,20.8201258400984,18.2339238686709,0.0231562188078128,0.0142160785220558,0.0151437992431425,0.0225222728220683,0.0280339350394693,0.0335180740729809,0.0257133435588097,0.0200808591399055,0.0233364716754218,0.0265266888602419,0.0224001795549533,0.0378218391847575,0.00821151417031167,0.00887888378169616,0.0103322471514708,0.012256206241642,0.00512325568167627,0.00842954231402791,0.0905020692844334,0.0433019074803524,20.717424479455,57.6583823956544,67.3588935132866,40.0347317800604,25.8069369379596,57.1637275283401,69.9671979890344,47.3139237420843,34.2874514253499,58.3897968058376,72.4353140552498,47.7261802658252,34.5120997696074,58.7110796798274,69.2888464277012,44.2487807226715,30.9245521643481,55.2797581667011,68.6454322176225,42.5091900709199,0.630189177058189,0.0125816437759116,0.357229179044112
"16","17097","Lake",0.154968048332545,0.146013051632564,0.261259287400253,0.132775129134015,0.118500180261572,0.237934334904129,0.267536640482203,0.13077720943241,0.134154052380404,0.181014181671355,0.195079806784803,0.0846592773311383,0.126761039657169,0.180717807865916,0.252797548683583,0.0957636011020435,0.126164171956126,0.196981849838537,0.231546478541486,0.111955423380517,0.0817490008208909,0.540109647690206,0.656198806672495,0.412127420965075,0.18472701017565,0.564308765653386,0.657055410767815,0.45737829686816,0.191307735593705,0.562970432994752,0.65464646425525,0.3611348338452,0.338270030913672,0.568068368411337,0.65040566401595,0.438782536490089,0.294388132088102,0.553567466327004,0.654942871852663,0.435250085703161,0.118300111888319,0.0972935801572859,0.0730254319469301,0.1053606797846,0.12220184747184,0.0961165248359344,0.073404562388039,0.100262204967113,0.111903627963775,0.0917636316579172,0.0763026646829859,0.0978931459671554,0.126796626405785,0.0935731605238365,0.0766275440907491,0.0986638541276358,0.120513505777534,0.0983323756233401,0.0755875392846828,0.0981836133221105,0.0031140932138341,0.122448979591837,225.169963803305,19.548113553239,11.0717710986429,11.4428436502423,14.1175522150868,17.8708993095698,11.7125310230533,10.6364752436518,12.2783850747712,14.9865339733769,14.2828822963092,11.7968438575289,15.5814972187965,15.1215168776387,12.5962670759974,13.2088092617669,16.165848755628,17.6104388973803,14.612122091538,12.2790150475572,15.438408308057,1.31175036445999,0.69137426228982,0.985871838975926,1.09716838646039,1.04295722875234,0.805847773442463,1.03391200225833,1.16729462859234,0.817266071416199,0.546492119355035,1.29794817641595,0.633020818494152,0.682164314276275,0.899723419990206,0.625799978939333,0.457452968056192,0.848785440489085,1.06789427483047,0.495040265512015,0.608606677534976,0.252896831873207,0.251396466763391,0.26164375904828,0.238296051610142,0.305058723853211,0.306114496668643,0.385008784689813,0.25054723765082,0.259866491818133,0.217496458050026,0.193818972731123,0.222407378571287,0.253507937671231,0.230226845233416,0.209691913836465,0.262585593414637,0.307471882823431,0.242394963936451,0.209674339459085,0.259914577452591,0.0294688040127234,0.0374437341406811,0.0301337888811881,0.0196619890670974,0.0248568130890586,0.0347046482352317,0.0331106051808066,0.0226657526830955,0.027575712574988,0.0386831778679966,0.032142627241671,0.021931050049342,0.027196282325394,0.0385063912219887,0.0334000220690629,0.0237801100789914,0.0309370938938317,0.0398431314079433,0.0329722007845173,0.0192019976770543,11.8291696515097,8.47025643736558,9.48536728422426,8.96397375504407,9.95220264888018,8.96943117960549,10.8673359179983,8.4077932740787,7.67249896714013,8.07309736906613,6.77616350513506,7.51454415509026,8.32932257826057,7.7497241583927,9.5808741775268,7.667097952206,8.0625702622333,8.20112751002909,10.143246836982,9.28492126798491,20.866678926062,21.2288659265368,23.029722568245,17.0258827675188,18.4514410954523,20.6899233531674,26.8003355963237,16.7764069714282,15.27975796263,20.7514945480636,18.5673633455883,14.9817709318055,14.1582685712475,16.3358381142074,19.2450323132662,16.5389215668158,15.2445513562628,17.7280383262968,18.4447928851269,15.0249784527993,0.0142420481063314,0.00981144520773827,0.0114482324142769,0.0161187507620464,0.0263491108191862,0.0131947961773346,0.0115319619205734,0.00710237825645063,0.00789995732616753,0.010640393739292,0.0156591557965508,0.0202732183400313,0.00805777802781009,0.00882548985408168,0.0102921372677305,0.0123134395745705,0.00513625086343551,0.00838904737687667,0.0840186799656459,0.0402734249737928,20.6525317169835,55.8832032673561,67.1187818766335,40.3422863657203,26.3276694759336,55.9298651364385,69.2728936331613,47.2454812491948,34.1754655101209,57.4627444681551,72.3737774173303,46.8643941406606,34.1071830115582,58.077334768223,68.8578210335779,42.7720251722864,30.6030795900884,54.1948532766225,67.7851500469464,41.7297231045826,0.333637544838864,0.0685535813726752,0.597808875277253
"17","18111","Newton",0.191006405962401,0.161889974417654,0.256838070602503,0.158829989394183,0.163697161329142,0.344209576079919,0.257418650354212,0.121328458662814,0.126528876601985,0.121982576456528,0.16953793211519,0.113285512460546,0.128739169247666,0.121967205653162,0.199079937210521,0.101882361552932,0.087135433112343,0.139159982631025,0.214260332299138,0.180112809051422,0.0918933880521151,0.471501347167452,0.731616297314257,0.315262093666583,0.159187624525256,0.487555660774302,0.683923362002158,0.365147343814531,0.314749685805768,0.517445662830745,0.726186344266885,0.314402911440524,0.309987776277345,0.506592684710647,0.748239953514757,0.335152940369242,0.233259062424947,0.557833802563262,0.706190147551413,0.345164597363253,0.13940823405636,0.111143173244151,0.0543430510822102,0.138915455575847,0.156127343631603,0.109707450583628,0.0647060794254212,0.126638573040071,0.116924473718703,0.100842212673475,0.0569842422243661,0.136608575526657,0.141122741583179,0.107901798267282,0.0525866812526362,0.130233974938838,0.133985130819228,0.106170338803765,0.0578964358103009,0.130670375058086,0.000743755074213922,0.00257289879931389,204.438365484797,21.0458626460865,12.6348121023096,13.6009037711404,14.985531393905,18.7045567677728,12.4195312586698,10.8227945412821,12.3573789768317,14.7959573223906,11.980440261638,9.85004038180945,14.3348285387147,14.0182455326231,11.1117838480051,11.6374736658296,15.1417057133866,15.9002888075892,12.8645769670529,10.5582740400913,14.0480224190609,1.53694763365577,0.799884894546473,0.912741239647514,1.26636542208608,1.91575225896328,1.01609822315376,0.949243563781676,1.404854137738,0.844676237623647,0.951041671873979,0.879773670261148,1.53179028144627,0.963409011094075,1.05915267860092,0.837710514076783,0.776942285266585,1.05673643317885,0.67432403896726,0.383581236260424,0.844172806876806,0.523867131429716,0.533041699008304,0.495736420154572,0.393162557129999,0.514280321258623,0.659979751445417,0.650241551380828,0.415008814906379,0.213617760208827,0.193004013053549,0.176127282988862,0.242696130855926,0.254417379995358,0.209840482877213,0.258841623291757,0.262336884569345,0.275335165894052,0.294283385700059,0.209759898125921,0.304611532857856,0.0276970739826228,0.0360892529584991,0.0297382643788184,0.0185316591451702,0.0210393231064976,0.0330302797475156,0.0318149016438432,0.0216656900657977,0.026320265967073,0.0370771279989855,0.0302779512962336,0.0211178503841111,0.0260628994161305,0.0374315615590042,0.0323106005410847,0.0228084593413855,0.028536437427558,0.0373281170877646,0.0315802435472122,0.017289651773461,11.8037242807614,9.68040552024776,12.0884116714242,8.31594649391763,9.47211080063678,9.47553154616577,11.810490720268,8.37943429112639,8.8444752930368,8.60995018502656,7.95786526068202,8.28574631758047,9.38021201007771,8.23737120342091,9.66193181818182,8.03035465848998,8.03424852871772,8.87026574149549,10.859005211557,9.26817315152334,21.3433455373983,25.2419661216016,26.8966004648094,18.0927998295779,21.5222220625313,25.3276899740177,25.2447035218594,16.6233853017895,17.0380566206027,23.8844681195084,20.7795797105923,16.7501241412416,16.7207399960448,21.4358306037419,24.2599831232689,19.938404678685,17.4994184696858,24.4828501712806,22.0823618118391,17.1679258444706,0.0270664778603544,0.0185523499554186,0.0204938171179023,0.0345481152599917,0.0673821845361851,0.0173736742951653,0.0122138903137635,0.00834103339985908,0.00842265398952452,0.0132393378893786,0.0121164590704988,0.0113209056736675,0.00790580170146009,0.00921834503758961,0.0114140636455364,0.0122868394931238,0.00525838368864631,0.009764905756988,0.0922121614038842,0.0440798743402723,21.8570880480941,59.169817307801,67.6669931755262,40.4745399677937,25.6728175802869,59.5021557292644,70.8464488296116,47.6034118200862,34.1876980207388,59.5985675340656,73.0957512700128,45.6487551340721,35.3734148558785,59.8882877585409,70.2357305261733,43.0550490227204,30.6544171835505,56.8688270313662,71.0563728371779,41.0887671154932,0.917078523668197,0.008519679734461,0.0744017962637712
"18","17197","Will",0.13436862315916,0.17400459124469,0.266000906037802,0.150611338424815,0.118939240742899,0.266571914215751,0.230281459335253,0.112584669016837,0.179130393008891,0.159039117909605,0.206790615485337,0.0856770383798564,0.12478367763423,0.148623848839991,0.234397078180589,0.0931190344498091,0.0978823522187333,0.134755890271961,0.217730663089246,0.140398176992966,0.104095780547911,0.487678083516565,0.679305919991309,0.364995241458939,0.163687877489716,0.509089066969226,0.652949885407526,0.397242558205656,0.267632398048753,0.518624885769101,0.665315868820561,0.331876137808371,0.323535995789389,0.497410111963706,0.672226987809903,0.392063667516291,0.274226249458075,0.537165120503966,0.650925403416255,0.389575149688614,0.135837832120463,0.11218779389981,0.0707560697159769,0.132321076630672,0.144147431206429,0.116805753899041,0.0770699590241535,0.125951540243407,0.131665103423581,0.109930773730937,0.076097444714986,0.124507854012026,0.144782376285676,0.114810827324316,0.0758742915303389,0.123691328419765,0.139796466813488,0.111112755899411,0.0760376213424517,0.122057096974218,0.00238654586156439,0.0908340214698596,201.606319613343,21.925207376677,13.5668537315507,14.324017730653,15.5050417398442,19.4435189866902,13.4542604331435,11.5529047613987,13.2024264193881,16.0769530015972,13.4181193250157,10.4975428671801,14.9659608912606,14.812890202816,12.0899051163041,12.3181993797926,15.9117913986414,17.4516414521057,14.6544881213509,11.0620407172218,14.6206673886735,1.45256591391997,0.935242683728995,1.20241805224454,1.38404226130833,1.51098106239179,1.44475231507315,1.2824315263849,0.945799841578591,0.690490543891535,0.695680956152429,0.795937410521173,0.830923947049605,0.701582314109723,1.09513844878195,1.10896225715353,0.97847626659124,1.16012990934902,0.874824340854372,0.84001413836743,0.7280377388788,0.509000838811884,0.514499354384636,0.480087284973886,0.382016007918449,0.500817767715868,0.636421677632631,0.634413928679451,0.401012429489172,0.213356718039532,0.192078712998492,0.177091782917226,0.241706780824752,0.255347391994998,0.21239521057275,0.255385547857901,0.263586719047423,0.277483404396389,0.290319862553248,0.207425492913343,0.30097995889177,0.0269912901733603,0.0357856416442638,0.0293970107040149,0.0184558470080538,0.0219706944263026,0.0333704401044487,0.0324502932607611,0.0215255642266718,0.0256256640532679,0.0372477429361382,0.0308490519524913,0.0217204993862957,0.0255100957404831,0.0370670853707167,0.0325825602465258,0.0220314943193959,0.0281423095153825,0.0370450119628678,0.0320119516313396,0.0170122204551475,11.2899547501303,9.54117013441443,12.3142952556752,8.13289309296108,9.29304464940292,9.57799540188173,12.1656167552453,8.51925463956019,8.99415426270023,8.71300251044881,8.13698479855582,8.34130614026335,9.31137261993131,8.26350811431469,9.67400943219022,8.17517850125358,8.06697175091303,8.86845346170452,10.8884117010701,9.25310590068335,24.5500755514811,29.0241655307206,31.3475823705596,21.6641098033486,24.0452117620668,28.3917410304781,26.8851394598195,18.4813517618534,17.5552533068606,24.8232985605985,22.162933237783,17.4879601783343,16.6127213565502,22.7357479114359,25.0740619512947,20.7248063107151,17.8509791135591,23.1582091778,22.3446119711677,19.3741668430269,0.0269118882215818,0.0177325488285036,0.018459835308154,0.0320767188816955,0.0591000033624033,0.019372726599882,0.0143538607268277,0.00968818043410151,0.0102807672690096,0.0149313204865641,0.0138869114500077,0.0157962777924091,0.00838702989005408,0.00898109524357759,0.0106031474981128,0.0120477962548345,0.00513671587961922,0.0087972138243136,0.106157382674866,0.0505493272705008,21.7486680705719,58.5555248827505,67.7720261281625,40.5467407973122,25.8819266664992,58.4241397835616,71.0630709760746,47.843075929448,34.1383216363354,59.3518338742874,73.0094993931513,45.8456465959746,35.3278184602518,59.8362013189188,70.3133038805104,43.0928783038743,30.6863204159095,56.6219178679361,70.6049268991863,41.190200881265,0.630211407984759,0.0272353887678629,0.342553203933806
"19","55059","Kenosha",0.190234361455227,0.136932974868896,0.261702609021921,0.118920781825845,0.101235045513701,0.198113542947122,0.294884908184665,0.140581593338482,0.113308845262222,0.156835755466024,0.209758103873205,0.0908406648409601,0.104760100531219,0.1623699984694,0.249361470231846,0.108013286079104,0.138931921136357,0.183052691875863,0.240679955398275,0.136133303385255,0.0636697146937436,0.502013859985778,0.703558689281807,0.353227946222384,0.163789563801325,0.535827406518948,0.704739483580086,0.427154787828833,0.135821789056525,0.523928729625222,0.688766417296036,0.327066277483513,0.291715547817279,0.519439267649414,0.677290588173067,0.381823918149338,0.26190199869828,0.526431654254842,0.680766605183205,0.355281204929263,0.12808784175234,0.112312907353044,0.0690859338126765,0.116406856191686,0.139617180030711,0.108995589265183,0.0691644709044724,0.11346375096031,0.127823509955527,0.108392707522986,0.07224288598362,0.110118947383154,0.134934764630012,0.10870460813055,0.077238614467277,0.116198241262164,0.128385071461924,0.111510538727192,0.0722865357043116,0.115165266521843,0.00327827497436928,0.0331695331695332,229.46339037846,19.3599540349599,11.7837380226473,12.5266532159847,14.2428824743416,17.5237387907886,12.3355937835918,11.5580196158013,12.6072092454615,15.2996860112839,12.8054455937566,10.8111719967985,14.6546190646122,14.1935742375892,11.7029832258857,12.0033884165621,14.4331551254235,15.6771989489656,12.4396531517441,11.0409091415218,13.8580420444873,1.45032555787511,0.793054289401896,1.03847887328567,1.15664928858638,1.18419835213068,0.911873144511802,1.08868979382574,1.15240009513475,1.03202284407557,0.708120484463413,1.27456849242311,0.77416256187296,0.678994319728903,0.75845497539061,0.585380591067694,0.510617137028486,0.752450872404862,0.767408809732161,0.474297913454967,0.56110159177745,0.202342855018685,0.257093834477941,0.270854326592031,0.25934776191483,0.303416174664837,0.318192932983581,0.359575369653889,0.313597060831524,0.321234772114555,0.264829167734639,0.197235036760349,0.216289830314,0.23487050005713,0.206961716239224,0.21483734398348,0.239334204602593,0.306209442436842,0.253761273655464,0.253565165587227,0.273802310923979,0.0342777619065136,0.0382808918128801,0.031265858023059,0.0215621951679157,0.0302474327289319,0.0360828364721021,0.0342718691860282,0.0244510762681796,0.0287679965042621,0.0400866237709285,0.0329735034925712,0.0235765128160761,0.0277819476852363,0.0390746595260186,0.0344241361158925,0.0267589479405662,0.0330746305204873,0.0408851234905916,0.0335083393476153,0.0212226217493635,13.1267790185146,8.26785313350856,8.42321053886882,9.06468124061603,10.359229489685,7.89876072236888,9.01337041023029,7.17979678826484,7.84420962825747,6.99692716469636,4.77808313112001,7.51903227681903,8.55345098509543,7.83521934750625,9.5841405046074,7.70351997874586,8.04548096071004,8.33302107489958,10.2666939470633,9.27894951494672,22.2350712197419,19.3859559722263,21.2672974870012,15.6435507779039,18.8060481636179,18.2888898333988,23.0906770715549,15.0026376557877,15.9928569102463,19.6143012620893,17.3000411307782,13.9310233751152,13.9555971171405,14.4431620276824,17.5072548629611,15.6291133871243,15.6042414074741,17.5439965484769,17.8837289857044,15.3169413643914,0.0189888532014898,0.0129879598633938,0.0147671841281748,0.0222958242863929,0.037847350033444,0.0160940441792643,0.0127871150805338,0.00847115487441494,0.0092058086325014,0.0125177718232173,0.0149663986800655,0.0186146245880341,0.00805369107263204,0.00891512442444261,0.010509936492524,0.0123597292563619,0.00513468447132196,0.00862797620964834,0.0871758973294599,0.0417256457479419,20.2565704270721,56.0475740971671,66.92617689128,42.0678554787976,28.8465324139419,56.0534819853687,69.0834406822261,49.803599734857,37.6412658714838,57.4718370226736,72.1441399389169,52.8227659314505,34.3667497377138,58.1049222500963,68.7582751374866,44.9372870892799,32.5341696024527,55.3025242526642,70.3219426504224,44.8895836063919,0.708679051460247,0.0395082811546381,0.251812667494808
"20","55127","Walworth",0.306330996602774,0.13527902325704,0.257988585673627,0.128849289215924,0.111028148127454,0.220644866515483,0.345304134292972,0.13226386735748,0.0904814594998255,0.159056353804079,0.18394221733546,0.0755067765635128,0.140890157861369,0.147238425145458,0.215425937525218,0.0935907077177295,0.135115188882111,0.161260151162389,0.233863061639879,0.104571718478664,0.0561868086350527,0.502830448556997,0.741787330136889,0.329309989792845,0.149732088029209,0.532263930763871,0.738064913272931,0.396591428278021,0.126910181905527,0.547050252999094,0.721760447598729,0.298630987958312,0.248182847588625,0.511012462317725,0.738128553423917,0.387254424382918,0.254522940588444,0.540415249277029,0.720502730955984,0.347635633303331,0.123217077478988,0.116425554314628,0.0537590370480237,0.1121436881988,0.147006068547212,0.113370490868916,0.0578726116465787,0.110289367224597,0.109008204612127,0.111555090003336,0.056574737006754,0.114182156528391,0.129465369319188,0.111107650610973,0.0618903870117806,0.119170098630933,0.131684154197795,0.111006410218154,0.059737138354796,0.119556370778896,0.00184011506533439,0.0202380952380952,281.327139145987,19.3335502738044,11.8579750418663,12.6513163980984,14.1994282291049,17.4372359571003,12.3453542896679,11.581469199771,12.6215518071538,15.2955478287878,12.5259320599692,10.5089888606753,14.4585744204975,14.0002482998939,11.46235519307,11.7323888432412,14.2299814661344,15.4253177580379,12.1668435670081,10.7752526544389,13.6438940502348,1.48761654482001,0.83021442695033,1.06060507063355,1.18486021324283,1.24586783143736,0.972576893121004,1.11557825328339,1.13923985929716,1.08186891337945,0.756040774250314,1.2421846855964,0.817647557599204,0.677975910866544,0.731674256122538,0.601522872153492,0.554973740396755,0.743618869533141,0.683234617486596,0.490240121916646,0.553648131943884,0.207784247185503,0.268564942913751,0.280835496527808,0.267444450940405,0.31135096168589,0.333096743428281,0.367302866368776,0.326258531549857,0.325571929610201,0.268607090493398,0.196891288539129,0.216464374755465,0.233044820970723,0.203849636497242,0.217253640294075,0.237003008143178,0.304839407581659,0.256904715672135,0.257950822228477,0.276919133198403,0.029479552761075,0.0390982367297901,0.0316911310400991,0.0217414384364106,0.0318196005531631,0.0363691397853905,0.0337433048590486,0.025014652437087,0.0270706626387047,0.0400458413154064,0.0311434343645704,0.023560459497163,0.0302596126428051,0.0381955069600649,0.0329199384498809,0.0270828745926597,0.0341275862063326,0.040274324101795,0.0324033734943008,0.0209674479351157,11.7915422888029,8.18712402128038,9.20918169873101,9.10512888147717,10.2138133730207,7.9339397367977,9.276212201232,7.6869511110442,8.51195398455574,7.70303648398036,6.61861040450278,8.21630407515026,8.49024513505754,7.8360783520199,9.60791057121186,7.70995354538872,8.06442790428797,8.30583954822449,10.2685419326737,9.28704905737014,22.3783086697261,19.5212872630074,21.5539093176524,15.598177593095,18.4075791597366,18.0798477286384,22.5073576779593,14.7223347198395,15.7446159601212,19.3542722338722,17.3168048393159,13.8131773784047,13.968878860133,14.2688018418494,17.2920604013261,15.3983841192155,15.7324719173568,17.6353210154034,18.0712951785042,15.6353534074057,0.0214080019842922,0.0144160319845902,0.0161108327258955,0.024911125269275,0.0419792998803868,0.0189158572227738,0.0145362218276465,0.0101146878513862,0.0110656851326071,0.0146311681728721,0.0156532838336369,0.0204232624809568,0.00807824976287693,0.00894894408549936,0.0105827897205018,0.0123501704933698,0.00513608840188854,0.0087137309795556,0.0891877944492513,0.0426617418970203,18.9035455249605,57.8724001521156,66.9616302898952,38.2845473085131,24.2169261103585,57.597645952588,69.4837711515881,45.9023054372697,34.377857646488,59.680075951985,71.8592891329811,54.4467949685596,34.7089791388739,58.8080873988924,68.8086581548055,52.937943360919,33.000927059991,56.6754405362265,70.2849660192217,49.1150293032328,0.834871180792037,0.0424706902958514,0.122658128800686
"21","55133","Waukesha",0.277007942350445,0.144893714760931,0.242568332946167,0.104335480129233,0.119101296584422,0.236861223089787,0.300048607485715,0.119484355344233,0.167500305482958,0.183754211803266,0.160262534477376,0.0735536043945319,0.111619596866307,0.187146964514319,0.217272171247872,0.0825094812551301,0.136487186738856,0.169707377929168,0.203211175430758,0.087702626821228,0.0736789369030093,0.553138833225907,0.687154472122135,0.365912385711615,0.170145763560757,0.565699553090291,0.690360560967736,0.490904243378462,0.162964625920664,0.590645315360974,0.691786904823858,0.36918997948137,0.259007431003224,0.575305822477943,0.682108004428492,0.461406050008859,0.276579677819184,0.561133164696405,0.703391067656405,0.445441231725712,0.118439064708269,0.105300361060631,0.06879899277623,0.101457422137111,0.129954648839516,0.10122990833317,0.0718095882224195,0.0995183538951363,0.106452190473993,0.0949450778399197,0.0681936452742853,0.0960237798036219,0.124120106009631,0.0938052122238572,0.07046823825839,0.101991218843151,0.121687441938862,0.105718530255727,0.0688208453500246,0.105155446153515,0.0029530893929844,0.0401653868871825,270.728341054719,17.6647623217606,10.871562010849,11.764592099739,13.162025097905,15.7824588681,11.3860832328143,11.316851877279,12.074850499806,14.5753376792326,11.1580568016174,9.53907654402317,13.5864228379846,13.022970290277,10.4874121761153,10.5416246837789,12.6564603710907,13.852223343914,10.3941033504732,9.80058893450463,12.4988768285221,1.4669451821294,0.844099224141837,0.958837626921096,0.940132237367917,1.1323624021262,0.92745329811949,1.16962358822009,1.17237781746037,1.44950031741301,0.849215872070878,1.42756647614424,0.731731301922807,0.55087473178783,0.361187876371047,0.295115586539661,0.35469648556215,0.395800925540417,0.311772546716083,0.344250985946588,0.326004411147251,0.149785313471421,0.244219981886477,0.263362290252966,0.265114934343737,0.289641090771607,0.30554517587824,0.325372159023364,0.348894838127101,0.368014237353313,0.30023659083594,0.200749247430065,0.210682559474572,0.221454610054618,0.191510499386272,0.21556671183805,0.222680320040192,0.307239401924913,0.258785471064905,0.28502523335774,0.281067120768372,0.0290099370210254,0.0367954582024346,0.0295018833581682,0.0194935336636409,0.0266094732032819,0.0348186210167528,0.0327457051066274,0.0233230882055279,0.0263310716632144,0.0378486202513756,0.0302661512238488,0.0206653581975095,0.0287827102591741,0.0370857117711899,0.0318982153514821,0.0254261743748199,0.0345482458060688,0.0391153506186504,0.0313514363047063,0.0207430722837749,11.821616649346,7.54209858048828,8.22739780998343,9.55001781540232,10.8060329750453,6.79542840562202,7.59297770800424,7.22842106816336,9.18571038874239,7.60296968560351,6.98987128307886,9.1571740856272,8.84487785422725,7.9427448896283,9.58296434117434,7.7550715890356,8.02114801806806,8.50397826226872,10.4215995368349,9.26888141699677,22.4794926708152,17.7054850910094,20.1578884789455,14.2522381812387,16.9624885800176,15.6646760815498,21.0971389360422,13.5226555867654,14.846549241978,17.8347931674297,16.4313826811645,12.7308768741632,13.3865266508135,12.3909184922851,15.420201729686,13.8122781110246,15.6006059055137,16.5747234155212,17.7110048779636,15.6418089570903,0.0218993822971939,0.0148869616271597,0.0167436449091532,0.0260827337714584,0.0454033799073398,0.0177652092273163,0.0135127810268441,0.0092586420478637,0.00995769873217443,0.013632362436699,0.0145971502424413,0.0177510930560815,0.00803924095143035,0.00898136043721976,0.0106817095458499,0.0123889593124759,0.00513725521068248,0.00882579617277096,0.08903615842081,0.0425850762042222,19.5128393911146,58.720043865098,67.3430631201576,38.0236514159652,24.658795892453,57.1597681851057,69.7623306472697,46.2365479939658,32.5538934593854,57.9509225046571,72.08385110169,44.9287591833936,32.2063534269654,58.4870617230545,68.9998545548089,40.7543001687534,28.2601662020112,56.2529437137791,70.5574160698104,39.1945161926486,0.623581033783546,0.0422512631691036,0.334167703648337
