"site.id2","fips","site.id","avg.pm25","frm","car40","car100","car300","car500","car1000","tr40","tr100","tr300","tr500","tr1000","ln40","ln100","ln300","ln500","ln1000","txres.40","txres.100","txres.300","txres.500","txres.1000","txind.40","txind.100","txind.300","txind.500","txind.1000","njl.ind.40","njl.ind.100","njl.ind.300","njl.ind.500","njl.ind.1000","njl.wat.40","njl.wat.100","njl.wat.300","njl.wat.500","njl.wat.1000","njl.veg.40","njl.veg.100","njl.veg.300","njl.veg.500","njl.veg.1000","njl.res.40","njl.res.100","njl.res.300","njl.res.500","njl.res.1000","njl.bar.40","njl.bar.100","njl.bar.300","njl.bar.500","njl.bar.1000","l.ind.40","l.ind.100","l.ind.300","l.ind.500","l.ind.1000","l.wat.40","l.wat.100","l.wat.300","l.wat.500","l.wat.1000","l.veg.40","l.veg.100","l.veg.300","l.veg.500","l.veg.1000","l.res.40","l.res.100","l.res.300","l.res.500","l.res.1000","l.bar.40","l.bar.100","l.bar.300","l.bar.500","l.bar.1000","emit100","emit300","emit500","emit1000","emit40","pt100","pt300","pt500","pt1000","pt40","tot.pop40","tot.pop100","tot.pop300","tot.pop500","tot.pop1000","hh40","hh100","hh300","hh500","hh1000","hu40","hu100","hu300","hu500","hu1000","med.inc9940","med.inc99100","med.inc99300","med.inc99500","med.inc991000","per.nonw40","per.nonw100","per.nonw300","per.nonw500","per.nonw1000","resid40","resid100","resid300","resid500","resid1000","indus40","indus100","indus300","indus500","indus1000","state","county","FRM","cty.emit.area","cty.emit.nrmob","cty.emit.ormob","cty.emit.pt","rur.urb.40","ind.res.40","rur.urb.100","ind.res.100","rur.urb.300","ind.res.300","rur.urb.500","ind.res.500","rur.urb.1000","ind.res.1000","land.use","location.setting","industrial","car40.300","car300.1000","car40.1000","tr40.300","tr300.1000","tr40.1000","car100.300","car100.1000","tr100.300","tr100.1000","car40.500","lnd.21.1000","lnd.22.1000","prop.res","traf40"
"090010010","09001","090010010.1",13.6,"1",0,.3030284233423873,6.027987055468914,11.471334614395378,25.289999825668858,0,.00793752197088275,.2287885782060385,.4308245682658891,.8908739334944998,0,.430195,3.4472460000000007,9.835582000000002,33.79577999999999,0,0,0,0,0,0,0,0,0,0,0,0,0,0,0,0,0,0,0,0,0,0,0,0,0,0,0,0,0,0,0,0,0,0,0,0,1.510967913,32.546224724,89.26961689099998,355.9265603399999,0,0,0,0,1.266820516,0,0,2.1199054109999995,6.315325146000001,35.22965692999999,1.235263796,6.209430071,34.817451474,96.40099101099999,347.552791781,0,0,0,1.0240158109999997,3.8662793909999995,0,0,0,136.816,0,0,0,0,3,0,.004899812642857743,.03062382607860113,.4945813656426294,2.2782630511003474,10.895191072331421,.00298214135974924,.01863838170953004,.19400348965837474,.78980399378978,3.7830061990127457,.0032584160361292785,.020365098271175875,.22219786017837148,.9026505703142814,4.270891614547262,21875,21875,23500.34618376305,23194.15085400902,23371.980219273817,.5763157894736842,.5763157894736842,.6192514667901302,.6641867938900827,.686921692869118,0,0,0,0,0,0,0,0,0,0,"09","001","1",3579.788,745.7,453.92,426.095,-.3015018362289845,-.07789175617221995,-1.1203735132780734,.4191441933712968,.3482562686681481,8.387288210309034,-3.727206822174162,23.401495445670623,-31.18906937627594,88.43351789434753,"RESIDENTIAL","URBAN AND CENTER CITY",0,24111948.221875656,77048051.08079977,101159999.30267543,915154.312824154,2648341.4211538453,3563495.7339779995,22899834.528506108,99947885.60930587,883404.224940623,3531745.6460944684,45885338.45758151,85104.517,1321991.806,.015533744301727251,0
"090010113","09001","090010113.1",12.9,"1",0,.0991384950847975,.9614144311396984,3.56659754267608,21.217701576694054,0,.0020910317848874998,.015565975096725502,.06435777588921372,.5838497762792438,0,.182531,2.8329570000000004,8.958699,31.671122000000004,0,0,0,0,0,0,0,0,0,0,0,0,0,0,0,0,0,0,0,0,0,0,0,0,0,0,0,0,0,0,0,0,0,0,0,1.138873775,5.107531454999999,34.355582962999996,89.867126687,319.64278966099994,0,0,.592451483,5.237504583999999,11.546798483999998,0,.41610039899999995,2.583865764999999,7.576151713,24.844330745000004,0,0,20.618057004999997,69.35092655399998,374.177076403,0,0,.2223,1.3350451269999999,3.9889492239999993,0,0,0,0,0,0,0,0,0,0,.004899812642857743,.03062382607860113,.4176106915128399,1.5784636958212277,10.792863140369642,.00298214135974924,.01863838170953004,.23257595526339278,.7062112679716904,3.6962599730439734,.0032584160361292785,.020365098271175875,.2641066387556971,.8079536992541712,4.155396433358508,21875,21875,18722.67982005037,18704.59109677319,22865.248642076007,.5763157894736842,.5763157894736842,.6189654708778937,.6574261482898599,.6383683731974182,0,0,0,0,0,0,0,0,0,0,"09","001","1",3579.788,745.7,453.92,426.095,.37035601867181567,-.17945481423277043,1.6602524813011588,1.1789137301374333,5.865646235907541,8.763752557348727,6.483218031878378,24.98776814170247,-49.653291643990194,75.54783039082491,"COMMERCIAL","URBAN AND CENTER CITY",0,3845657.7245587935,81025148.58221741,84870806.30677621,62263.90038690201,2273135.2047300735,2335399.1051169755,3449103.7442196035,84474252.32643703,53899.77324735201,2327034.9779774253,14266390.17070432,13981.14,1500905.8090000001,.10735217650348972,0
"090012124","09001","090012124.1",12.6,"1",0,0,.33375998569819354,1.4560692554577437,5.4994758429583355,0,0,.005389115345639,.019843806041311,.07320177188649225,0,0,.717466,3.575116,14.701189999999999,0,0,0,0,0,0,0,0,0,0,0,0,0,0,0,0,0,0,0,0,0,0,0,0,0,0,0,0,0,0,0,0,0,0,0,0,0,0,.31347486299999994,46.374066478999985,0,0,0,0,0,0,.27514886099999997,1.367978131,3.0421792049999996,16.131946428,1.235263796,7.445249369999999,68.115603725,189.654295779,708.786112047,0,0,0,0,.7476741869999999,0,0,.04,.04,0,0,0,1,1,0,.023672590533748053,.14795367663540424,1.3267573815254177,3.818953245227616,16.837270292909228,.010771248290170147,.0673202953521946,.6013241564343285,1.7542477565481576,7.861605110651933,.011100644262346606,.06937901998070208,.6196778045128767,1.8372840421982963,8.395567611014148,67974,67974,67964.08196616567,71035.52618000022,69248.63187929071,.27458432304038005,.27458432304038,.27386341223467386,.26331554134596646,.3216800807938037,0,0,0,0,0,0,0,0,0,0,"09","001","1",3579.788,745.7,453.92,426.095,.14457491340515677,.45080753233297344,1.5071535176619246,-2.2840232266464753,-3.650149988008243,-7.950361495450934,.21879816887643455,-26.640609772484282,-35.72544081582623,-74.09860933926004,"RESIDENTIAL","URBAN AND CENTER CITY",0,1335039.9427927742,20662863.42904057,21997903.371833343,21556.461382556,271250.626163413,292807.087545969,1335039.9427927742,21997903.371833343,21556.461382556,292807.087545969,5824277.021830975,935853.7969999999,1933725.604,.002066268908881715,0
"090013005","09001","090013005.1",13.4,"1",0,.13907629645378547,.6493244143896849,5.619474072544759,20.58433156719997,0,.0020050995224515,.010084303555797251,.22321451071146223,.8048639907052234,0,.144646,1.246033,3.632355,16.555202,0,0,0,0,0,0,0,0,0,0,0,0,0,0,0,0,0,0,0,0,0,0,0,0,0,0,0,0,0,0,0,0,0,0,0,0,.37967679099999996,3.0263425529999997,23.84991788399999,114.115140399,0,.092583998,11.969402393,21.506908240999998,40.051677133,0,.017280860999999998,1.9762852850000001,9.853052300000002,49.85868245799998,1.235263796,7.230856333999999,52.231721867,136.10161395999998,555.694618154,0,0,.279829511,1.698456721,12.319679515,0,0,0,0,0,0,0,0,0,0,.00818982496827713,.05118640113888647,.4528870262227663,1.2677441108884313,5.559488399537377,.0030861657502410165,.01928853408770234,.17556897291701015,.4915950635675282,2.204657673832294,.0031560788902141143,.019725491170595275,.1834256359791047,.5183987511552295,2.317063461958018,76715,76715,71683.71768364988,68769.49860499927,62251.95704839591,.14828431372549014,.14828431372549017,.21098319882351305,.24026174573358935,.2465427171195224,0,0,0,0,0,0,0,0,0,0,"09","001","1",3579.788,745.7,453.92,426.095,-.3015018362289845,-.07789175617221995,-1.3902881867631087,-.053350968449121954,-2.0842235472468573,-4.5065733063017,9.071710199907741,-11.162979191145965,60.29420325735465,-36.9277422844918,"RESIDENTIAL","SUBURBAN",0,2597297.6575587397,79740028.61124115,82337326.26879989,40337.214223189,3179118.748597705,3219455.9628208936,2040992.4717435976,81781021.08298475,32316.816133383003,3211435.5647310875,22477896.290179037,1254425.62,995350.1620000001,.0007934708492321769,0
"090019003","09001","090019003.1",12.7,"1",0,0,0,0,16.284153879422973,0,0,0,0,.7423502909276213,0,0,0,0,3.4395700000000002,0,0,0,0,0,0,0,0,0,0,0,0,0,0,0,0,0,0,0,0,0,0,0,0,0,0,0,0,0,0,0,0,0,0,0,0,0,.142356721,4.678189386,87.611513548,0,.22114972099999997,.8620485250000001,6.136945204,24.167441077,1.157452374,4.396933944,34.12798901199999,101.79998789999999,306.80712195899997,0,0,1.5350427559999997,5.0255716679999995,152.957162943,0,.2223,.6668999999999999,1.216760532,23.339883137999998,0,0,0,0,0,0,0,0,0,0,.0013672069953570617,.008545042900832621,.0768165624478293,.21134331140991056,.9169525574164579,.000511386554919033,.003196165661477548,.02869741231911101,.07815452606664663,.33543436895717754,.0005640292885136392,.0035251827148649424,.03163225519653802,.08570377202959394,.3638788069836633,189105,189105,188550.95425374567,183978.98471708313,175250.18522876728,.02669632925472738,.026696329254727612,.026742587424593775,.02712807328918215,.02804763033175964,0,0,0,0,0,0,0,0,0,0,"09","001","1",3579.788,745.7,453.92,426.095,.10422901361469919,.11018927805825429,.862655060970038,-.2993089059774057,9.394863065603039,-2.1695985298467573,27.61832910362285,2.322432786406478,117.05519384676808,32.53082171560373,"AGRICULTURAL","RURAL",0,0,65136615.51769189,65136615.51769189,0,2969401.163710485,2969401.163710485,0,65136615.51769189,0,2969401.163710485,0,613859.769,5400,8.796797367575982e-06,0
"090090018","09009","090090018.1",16.8,"1",0,1.0573360537019458,6.438476648803282,10.587537161631959,22.502754295965232,0,.02290695364424825,.138399798377444,.226222459205465,.4629454854712857,0,.260197,1.4747489999999999,2.3457060000000003,7.9204810000000005,0,0,0,0,0,0,0,0,0,0,0,0,0,0,0,0,0,0,0,0,0,0,0,0,0,0,0,0,0,0,0,0,0,0,0,.004580368,1.154069462,45.085922452999995,117.603067907,305.14331340999996,0,0,.062844951,1.5986052419999996,68.187947308,.790781615,3.6107020689999993,6.558505291,9.438697203,60.39991405499999,.439901813,2.955626453,17.750634499,45.394016174,179.07049817799998,0,0,0,0,.986538254,0,0,0,116.986,0,0,0,0,1,0,.010078328784028015,.0517190632764973,.35118383935658415,.9333493926901515,3.5572119951772563,.0037463402112350927,.019513888866647417,.13606981209443236,.3633796085362778,1.4206915288882582,.0042904145157713095,.022227989603083573,.15353668956536975,.40933112569226476,1.571848425460794,30536,36587.37547452269,43405.55717943641,44311.050251691544,40017.17418036519,.5807651434643997,.550881607127507,.4964858511702531,.4864722707599594,.46607699919410506,0,0,0,0,0,0,0,0,0,0,"09","009","1",2294.15,619.67,409.77,1053.542,-.039735354392212485,.04183536546474073,-.010669449069279245,.1754750558368251,7.4534003823936,12.48973470346674,17.41719225020286,34.334086582623875,56.16890192647292,96.32581329278767,"INDUSTRIAL","URBAN AND CENTER CITY",1,25753906.595213126,64257110.5886478,90011017.18386093,553599.193509776,1298182.748375367,1851781.9418851428,21524562.380405344,85781672.96905315,461971.37893278303,1760154.1273081498,42350148.646527834,292128.58900000004,432853.185,.0014817214107038321,0
"090091123","09009","090091123.1",14.1,"1",0,.27047113559462976,5.232372003274675,9.962029528288618,24.43239074206444,0,.00496911399975075,.11118666474899175,.21851017809720352,.5494597196611306,0,.446221,2.914737,7.2976090000000005,28.012152000000004,0,0,0,0,0,0,0,0,0,0,0,0,0,0,0,0,0,0,0,0,0,0,0,0,0,0,0,0,0,0,0,0,0,0,0,1.1779074319999998,3.589165892,17.506189467,51.277903208999994,300.1452642109999,0,0,0,.132978625,7.4023244749999995,.029381637999999998,1.9903116739999998,20.236931312,26.656287176999996,106.31258700399995,.027974479,2.140920418,31.740460829999996,114.94278009499999,354.524020981,0,0,0,0,3.6556017290000002,0,0,0,.402,0,0,0,0,1,0,.012119396347243993,.08390001330340317,.8033978866642887,2.3856660770622815,11.19529202451869,.005358682895797012,.041974335819065935,.42989388611437024,1.3535536303212776,4.221237588620204,.006363247544115067,.048160727534958585,.4858283745324478,1.507363286687954,4.648435419092015,23656.171451777896,33110.03287394128,38892.101558462644,44516.90626923685,42983.78782113067,.5872008946788467,.4601073779289599,.4069395580447342,.37100803836437624,.3342718947919754,0,0,0,0,0,0,0,0,0,0,"09","009","1",2294.15,619.67,409.77,1053.542,.3705878912830506,-.19268391046936414,.6719968409702829,.8448287877657568,-.4291878663160698,3.952112647416614,-8.741417161681245,9.515816977499465,-13.685433452953133,69.07277022273058,"RESIDENTIAL","URBAN AND CENTER CITY",0,20929488.0130987,76800074.95515907,97729562.96825777,444746.658995967,1753092.2196485554,2197838.8786445223,19847603.470720183,96647678.42587925,424870.202996964,2177962.4226455195,39848118.11315447,212393.74099999998,1222926.182,.0057578258956322076,0
"090099005","09009","090099005.1",11.7,"1",0,0,.1291037923283985,.9004442320407767,3.8606195147716336,0,0,.00105092702802975,.007437042683617499,.03895922478925775,0,0,.742875,2.558375,10.151708,0,0,0,0,0,0,0,0,0,0,0,0,0,0,0,0,0,0,0,0,0,0,0,0,0,0,0,0,0,0,0,0,0,0,0,0,0,.238517773,12.640572776,113.271278484,0,0,0,0,26.849345341,.8378370909999999,2.4598791749999998,5.838195987000001,10.007712091,108.770922182,.3974264579999999,5.260518809,63.393955183,169.795133677,518.0711229330001,0,0,.012912666,.566530315,5.077128966,0,0,0,0,0,0,0,0,0,0,.006143080649694252,.03839425037552781,.45760873639397964,1.4136293536229128,6.418853992183162,.0024973913162189094,.01560869422825339,.1798478653202648,.5586780826022805,2.743342370148,.002566414694305362,.016040090299888534,.1872554365498076,.5870048050932202,3.0041495342228797,66731,66731,64747.66840588645,61872.79055784697,56589.18979385469,.5275754422476587,.5275754422476587,.4803936544761398,.4752279427657759,.5576704311974091,0,0,0,0,0,0,0,0,0,0,"09","009","1",2294.15,619.67,409.77,1053.542,.10289600249909509,.20526174192654012,.5610996338346468,-1.1748893189523628,8.112909139973226,-13.427729916405536,26.540674572331493,-29.536911744593525,89.29344944282867,-33.756798298821714,"RESIDENTIAL","SUBURBAN",0,516415.169313594,14926062.88977294,15442478.059086535,4203.708112119,151633.191044912,155836.899157031,516415.169313594,15442478.059086535,4203.708112119,155836.899157031,3601776.928163107,1366136.4300000002,731317.5090000001,.0005353180640970096,0
"340030003","34003","340030003.1",14.3,"1",.076765732605388,.20424768915727604,2.0421565899287235,4.2411695332313695,22.753377466010132,.00027714452978400004,.000737387996568,.015119559404632998,.03391934199896225,.39205448721259106,.07416800000000001,.197336,1.286298,2.633114,7.9586369999999995,0,0,0,0,0,0,0,0,0,0,0,0,0,14.539461104999999,62.57122090699998,0,0,0,0,2.467129613,0,0,1.024114364,4.042790531,89.09474064400001,.257246054,1.630808114,30.702941034999995,93.933750001,405.60410633599986,0,0,0,0,0,.17431876799999999,1.7724574269999998,16.314936872,46.676071402999995,120.42121366599997,0,0,.225032067,1.1191498370000001,10.427283333999998,0,.146678974,1.8162352129999997,5.296931795999999,96.66022590899999,1.060945028,5.8012615830000005,51.12737745700001,139.91779656399999,544.5310732680001,0,0,0,0,0,0,0,0,0,0,0,0,0,0,0,.02897625877101331,.2324653386262609,2.3220138065979716,5.2007813726839895,16.757101777389156,.015025832017423997,.12581126916364932,1.2532869523219763,2.624933930125229,8.113876428588487,.01580217750013809,.132382005638585,1.3175482636743823,2.7492525035632793,8.549511008207027,69482.97085242592,68535.47136963271,67820.63150062098,64284.56556053824,66207.66085803484,.48045635870311965,.3390517912571754,.2843891836177065,.3188173513874279,.3281589824826129,.257246054,1.630808114,30.702941034999995,93.933750001,405.60410633599986,0,0,0,14.539461104999999,62.57122090699998,"34","003","1",3602.532,453.75,352.21,370.798,-.1860329691575567,-.07488074812626339,-.694117306915435,.30820548536004455,-2.9893110216755305,1.05551693041417,-6.304605624995121,1.6162507145039389,-2.711745576971652,-22.966435281660715,"COMMERCIAL","URBAN AND CENTER CITY",0,7861563.429293343,82844883.50432563,90706446.93361898,59369.659499395995,1507739.7112318322,1567109.3707312283,7351635.603085791,90196519.10741141,57528.68563225999,1565268.3968640922,16657615.202503925,755397.062,1449182.1820000003,.001918437673245809,1
"340030004","34003","340030004.0",19.6,"0",.13287259468231977,.35033014196094825,7.688900898584306,17.506522193357874,50.47094928864278,.001233052315262,.003251049576354,.24437769496120226,.47508684639713195,1.1504196911182658,.074923,.197541,1.0780319999999999,3.58693,12.108703000000004,0,0,0,0,0,0,0,0,0,0,1.235263796,6.105824932999999,21.584376333,35.23821646799999,80.22099147399999,0,0,0,0,65.530058113,0,0,3.93512496,17.784669863999998,141.90164844699996,0,0,7.049174495999999,56.63868252899999,284.655515807,0,0,0,0,0,1.235263796,6.824121434,45.195810777,86.605628278,143.126396712,0,0,0,.427117834,74.809389187,0,.012692342,2.046423158,8.925227675000002,119.89554406699997,0,.8835842079999998,22.241347427000004,97.051975566,434.20846695200004,0,0,0,0,0,0,0,0,0,0,0,0,0,0,0,.002876379500375225,.07544538706149452,1.1282294016067225,4.022126106596933,13.526396505016995,.001366210713747675,.03964826487146172,.6017833570721746,2.1565493327709313,6.81894495378281,.001442696272848423,.04263989679426238,.6436900930313391,2.284265094206477,7.239163549990949,68366.61663228735,66209.40654577684,63695.37405041074,61974.365237699,62372.178712399196,.2677230115171762,.2709363572819076,.24955231254335894,.23219494130037616,.32574397878692773,0,0,7.049174495999999,56.63868252899999,284.655515807,1.235263796,6.105824932999999,21.584376333,35.23821646799999,80.22099147399999,"34","003","0",3602.532,453.75,352.21,370.798,.3932149664025929,-.20295673705527173,1.6214625747717877,1.7148873986859199,9.052472168375532,10.734682643647547,6.073850508803012,18.332832840177907,6.9276092327924275,6.506911387596142,"INDUSTRIAL","URBAN AND CENTER CITY",1,30224113.215607945,171128193.5602339,201352306.77584183,972578.5705837611,3624167.9846282536,4596746.555212015,29354283.02649343,200482476.58672732,964506.581539393,4588674.566167647,69494598.39470221,543118.762,1214810.2540000002,.0022367304151426097,1
"340130011","34013","340130011.1",16.1,"1",0,0,1.9688675085056198,4.915198629950618,15.79281684054134,0,0,.02370586580052075,.06316103369393826,.2412517040919452,0,0,.806891,2.607531,10.839359,0,0,0,0,0,0,0,0,0,0,.098096297,2.8925093079999997,38.224850066,106.616552614,358.69451347599994,0,0,0,0,21.933455999,0,0,.514425665,2.178154186,28.945714615999997,.6741963799999999,1.3565667309999998,12.918562383999998,42.82309444399999,172.73809100599993,0,0,0,5.035113525,34.282517645999995,1.117522107,4.5216795649999995,45.773003341,109.05620397099999,351.34610070300005,0,0,0,0,26.707059014999995,.11774144199999999,1.233734866,4.054460046,5.133103117999999,33.171767538000005,0,1.964984047,19.656118222,78.82064152299999,360.814330461,0,0,0,0,.000537719,0,0,0,0,0,0,0,0,0,0,.0184772470929094,.11952168175583769,1.620473805263591,4.670089437307736,17.35290675073886,.006299403199291326,.0406086852802776,.5306582351256475,1.5270107600471705,5.776125686427952,.006675262578723982,.04299545720791178,.5565234576723872,1.5935492395758653,6.016004752948682,32188,32318.675013417935,33393.497294046174,29050.215901779946,23664.306576390347,.13427109974424545,.13303788653713383,.12090893687973998,.2048938661517852,.2248832532094147,.6741963799999999,1.3565667309999998,12.918562383999998,42.82309444399999,172.73809100599993,.098096297,2.8925093079999997,38.224850066,106.616552614,358.69451347599994,"34","013","1",3159.953,293.51,332.57,327.505,.3673363023792836,-.16998163055761714,1.1212165709966544,.9197202063793014,7.689843074297672,12.201022976463937,5.052594073916226,29.797742506410845,-38.19195101207684,86.06540219373346,"INDUSTRIAL","URBAN AND CENTER CITY",1,7875470.034022479,55295797.32814288,63171267.36216536,94823.463202083,870183.3531656979,965006.8163677809,7875470.034022479,63171267.36216536,94823.463202083,965006.8163677809,19660794.519802473,65424.99700000002,1395361.766,.021327655024577223,0
"340171003","34017","340171003.1",15.7,"1",0,.422169943450987,3.2129518308131253,5.694264778083038,22.809659298955467,0,.007377346154247,.04692563757794051,.08238658303140574,.31856813773360254,0,.274366,1.8625330000000002,3.60017,24.222317999999984,0,0,0,0,0,0,0,0,0,0,0,1.243593624,13.834819258,34.488198497999996,114.322989911,0,0,0,0,0,0,.32819260499999997,10.797842861,18.9208916,25.617434322999998,0,0,14.884330655999998,76.55934614899999,320.467684446,0,0,0,0,1.117633257,1.1354597409999998,3.929928821,20.462106145,36.008975275,182.07482982,0,0,0,0,0,0,0,3.841935812,8.737810743999999,30.439806747999988,.09980405499999999,3.79046941,45.179540145999994,148.263163581,559.525160103,0,0,0,0,0,0,0,0,0,0,0,0,0,0,0,.03621185340544776,.2263505816575349,2.1057464595460793,6.389165783596699,30.801423440854585,.016592825179408428,.10146362450728628,.888133455412719,2.6187006265353925,12.237734702396354,.016977512007369983,.10454582121657606,.9323904347485424,2.7716864565758073,12.889212949799283,34833,37852.62424694479,41183.289165963244,42645.002500496536,43632.51146064144,.4792592592592593,.47008504072751184,.49655560545214067,.5221335882327979,.5628534630568921,0,0,14.884330655999998,76.55934614899999,320.467684446,0,1.243593624,13.834819258,34.488198497999996,114.322989911,"34","017","1",1846.787,263.43,236.4,1027.98,.3560144018949772,-.17041627583694063,.7750079147239939,.5543921621841871,-.905063049454446,2.611773634642671,-16.94781534984906,.9557903684382092,-90.12506285143235,4.263171053631131,"COMMERCIAL","URBAN AND CENTER CITY",0,12851807.323252501,78386829.87256937,91238637.19582187,187702.55031176202,1086570.0006226483,1274272.5509344102,11163127.549448553,89549957.42201792,158193.165694774,1244763.1663174222,22777059.112332154,169611.76799999998,2095672.281,.012355700938156603,0
"340172002","34017","340172002.1",17.2,"1",.059948025982581005,.16017297267567202,6.149894158789685,13.205460441298886,36.84697154792125,.000590903248944,.001578813120128,.0773360591845015,.17207278371757845,.5042100777885353,.073884,.197408,3.8115119999999996,7.418372000000001,25.97735900000001,0,0,0,0,0,0,0,0,0,0,0,0,7.439661736,20.773233025999996,107.22178857,0,0,0,0,.35655808499999997,0,0,0,2.2965785829999996,19.731066173,0,.002918552,16.659034054,65.615877275,360.7620706949999,0,0,0,0,0,0,0,12.051342667,22.364215847999997,102.723432721,0,0,0,0,.46228347099999995,.20475163799999999,.30355929499999995,7.785915475,19.045188174999996,85.24671801099998,1.030511911,7.416838689,49.64632321999999,151.60054533,583.6073619739999,0,0,0,0,0,0,0,0,0,0,0,0,0,0,0,.062129900518559225,.41400028065143624,3.840432570011301,11.452188376061581,42.143779837141985,.01999503479940269,.13568395179253978,1.271005891884005,3.797585204324797,14.639589870342686,.021136619831202498,.14226894473695742,1.3190358067647154,3.930981273487417,15.144187945350124,26510,28176.88191266812,32370.168261465726,32738.74239779718,39076.02667338772,.3474524248004911,.3352190969671213,.327558924040735,.33170644919636655,.3187308073301208,0,.002918552,16.659034054,65.615877275,360.7620706949999,0,0,7.439661736,20.773233025999996,107.22178857,"34","017","1",1846.787,263.43,236.4,1027.98,-.23280107137148565,-.044400912553623245,-1.7875606250403004,.03373773232871355,-7.821423589684695,2.4735902818572413,-28.322189473693935,.7656833439092617,-103.46561427851768,-20.61196019523608,"RESIDENTIAL","URBAN AND CENTER CITY",0,24359784.531228416,122788309.55652624,147148094.08775467,306980.62374223,1707496.074416135,2014476.698158365,23958884.744456053,146747194.3009823,303028.984257494,2010525.058673629,52582049.66126522,114858.35099999992,2247924.491,.019571276023281944,1
"340210008","34021","340210008.1",14.3,"1",0,.413848139950322,2.9281026965222763,10.19244724684368,26.6060378640127,0,.0027843245733105,.020385935769168754,.08718170223476626,.30359723465648875,.068293,.5379980000000001,3.1850269999999994,8.956557999999998,29.48296199999999,0,0,0,0,0,0,0,0,0,0,0,0,0,0,0,0,0,0,0,0,0,0,0,0,0,0,0,0,0,0,0,0,0,0,0,0,0,14.522309919,60.598727566,230.84844350099996,0,0,0,.607091914,22.172111104,0,.151184007,.294563555,3.0258880729999995,38.101607934,1.235263549,7.5692137299999995,54.666707888,128.778242788,480.671002409,0,0,0,0,0,0,0,0,13.690999999999999,0,0,0,0,2,0,.02738466936651367,.1703726396836881,1.105013346378799,2.896924721586838,11.1914308540332,.009432266890055805,.05863790409716346,.35909499936565636,1.0144919970376673,4.164733773909511,.011380911038770633,.07076758049229805,.44299716795754734,1.2475785110649864,5.222139085705412,18750,18777.477519871598,21169.901401566713,25602.991651321034,29630.062557921756,.7338017174082748,.7338990103170887,.7552904588899025,.7824686146455098,.8316284343469977,0,0,0,0,0,0,0,0,0,0,"34","021","1",3087.592,199.72,230.09,712.802,-.2947664542635879,-.06990890369096267,-1.6101100969969608,-.12136277868806844,-8.72742173351386,2.8736737495095364,-5.300561033912531,8.009736601002158,-24.489895074525922,24.74279031970867,"RESIDENTIAL","URBAN AND CENTER CITY",0,11712410.786089106,94711740.66996169,106424151.4560508,81543.74307667502,1132845.19554928,1214388.938625955,10057018.226287818,104768758.8962495,70406.44478343302,1203251.640332713,40769788.987374716,455531.541,1490504.906,.0032720125213020097,0
"340230006","34023","340230006.1",12.6,"1",0,0,0,.6944472890600052,40.81841911306438,0,0,0,.009456062922262,1.2746533309468078,0,0,0,.231187,5.548454999999999,0,0,0,0,0,0,0,0,0,0,0,0,0,0,0,0,0,0,0,0,0,0,0,0,0,0,0,0,0,0,0,0,0,0,0,0,0,0,1.7749738629999996,30.340673298,0,0,6.969292226,18.864897935,66.618871163,1.235263796,7.720397736999999,61.187643491,143.245968918,344.01984975799996,0,0,1.326646139,29.124108142999997,331.060402699,0,0,0,0,0,0,0,0,0,0,0,0,0,0,0,.0011882281224759009,.007426425052689757,.07417642783164,.25174397764534534,2.257399795937193,.00043019061952412173,.0026886911139665103,.026769033621302226,.09034704240963404,.6625308432514279,.00043192525911897703,.0026995326103937947,.026922074674917074,.0912075518631454,.6836912866222362,105758,105758,105587.53579423513,104491.41515837258,90859.81999893709,.05301914580265086,.05301914580265097,.06876300448077802,.0976721268769821,.26036329808621284,0,0,0,0,0,0,0,0,0,0,"34","023","1",4633.988,338.43,320.34,586.799,.12288625241062975,.14551082472665974,1.0661983232652377,-.4776685918167507,10.61634181681029,-3.4116917544105614,31.933209231531208,-4.600199840940283,137.9907508979492,-22.197393772776127,"AGRICULTURAL","RURAL",0,0,163273676.4522575,163273676.4522575,0,5098613.323787231,5098613.323787231,0,163273676.4522575,0,5098613.323787231,2777789.156240021,1197341.554,142983.96299999993,.00011941785743786181,0
"340270004","34027","340270004.1",13.8,"1",0,.2810248950516912,1.0748302575802477,2.8642189249329766,9.1236458464358,0,.0021560899133889998,.008246667763051,.02624252435592075,.0908106796137545,0,.168684,1.349156,3.5892290000000004,12.397099,0,0,0,0,0,0,0,0,0,0,0,0,0,0,0,0,0,0,0,0,0,0,0,0,0,0,0,0,0,0,0,0,0,0,0,0,0,4.074711329,17.063425664999997,52.625404793,0,0,0,1.8024380399999997,21.568705912,0,.19856996899999999,3.2276013640000003,10.967528156,106.65493690799995,1.235263796,7.521828262,62.181268174999985,163.17655724499997,591.190751281,0,0,0,0,0,0,0,0,0,0,0,0,0,0,0,.030311219328913754,.1894451026228632,1.4768640087277463,3.573178158766696,9.343698034567318,.010509269895421848,.0656829305421712,.5115323055274648,1.2298595581984644,3.276818217685719,.011868227209485018,.07417641293986574,.5684946348630042,1.3447811580020228,3.4744377680112986,45114,45114,49652.92464811282,54204.86152141853,73439.59474163603,.3214285714285714,.3214285714285714,.3425102461110185,.357656679152397,.36003112763817363,0,0,0,0,0,0,0,0,0,0,"34","027","1",3321.142,268.14,238.12,64.247,-.2724338331974779,-.043439764371192575,-1.0942759555339363,-.4733278910254371,-7.837093584409551,-2.9450042101110405,-6.871411773404949,-12.517811541419764,24.44907868559527,-55.62964254417938,"COMMERCIAL","URBAN AND CENTER CITY",0,4299321.030320991,32195262.35542221,36494583.3857432,32986.671052204,330256.04740281403,363242.718455018,3175221.450114226,35370483.805536434,24362.311398648002,354618.358801462,11456875.699731907,1064050.029,1329434.7939999998,.0012494100444218866,0
"340273001","34027","340273001.1",11.1,"1",0,0,.6553856347997461,1.1678057891494755,3.930930918833781,0,0,.005970045832119001,.01063778898108825,.03566378144998376,0,0,.5423640000000001,.9664170000000001,3.1552740000000004,0,0,0,0,0,0,0,0,0,0,0,0,0,0,0,0,0,0,0,0,0,0,0,0,0,0,0,0,0,0,0,0,0,0,0,0,0,.344545734,2.595232705,9.188589202000001,0,0,0,0,0,1.235263796,7.720397983999999,63.44413422099999,143.161278052,606.8829754649997,0,0,5.694901901,47.25343909000001,155.96823348599997,0,0,0,0,0,0,0,0,0,0,0,0,0,0,0,.002097173707346951,.011455392046768166,.0837913575287893,.2206692287839105,.711876594882015,.0007284575338603896,.003961828014949077,.028748741941841394,.0762822572621539,.250950628328281,.0007415240367099032,.004033799664077992,.029283187769990827,.07783687068323626,.2574723697906904,103392,109426.617571634,117263.27735361588,119222.39526703162,125909.41491047665,.0707547169811321,.06932839770830856,.06672067259343997,.06261629541530919,.04870623462420675,0,0,0,0,0,0,0,0,0,0,"34","027","1",3321.142,268.14,238.12,64.247,.11702276974178044,.13432547071422585,1.0018365808344978,-.41670259200267457,11.529543612141596,-4.696586790140033,36.22451987234685,-10.40655492729074,125.96659244453288,10.72642825114615,"AGRICULTURAL","RURAL",0,2621542.5391989844,13102181.13613614,15723723.675335124,23880.183328476003,118774.94247145901,142655.12579993502,2621542.5391989844,15723723.675335124,23880.183328476003,142655.12579993502,4671223.156597902,623719.4959999999,7730.842000000001,1.2394741625969634e-05,0
"340292002","34029","340292002.1",11.3,"1",.019098792271715,.131057189003195,2.199115341203185,3.8693835608226173,22.003675245214108,8.96629534125e-05,.0006179741119875,.010273250089396248,.018068318735723,.08443994456324722,.039909999999999994,.21505800000000003,1.358186,2.421246,7.194232,0,0,0,0,0,0,0,0,0,0,0,0,0,0,0,0,0,0,0,0,0,0,0,0,0,0,0,0,0,0,0,0,0,0,0,.554410519,3.7526297509999997,19.958652714,44.433217295999995,115.16104337399997,0,0,.041253693,1.516170227,38.212070532999995,.283146227,.645551296,2.072344573,11.252105500999999,111.916593646,.397706803,3.322216937,47.411331617,134.107554061,464.52754578099996,0,0,0,0,0,0,0,0,0,0,0,0,0,0,0,.0054550597251706535,.034377860224693524,.2995829210573816,.8043995285521655,3.0894390737319224,.0020661355412370007,.013137200171371865,.11638844885987079,.3132802386683352,1.162026243773327,.0021199623029552763,.013529005949668955,.12085713423317497,.32636457755510306,1.2148790762330952,66999.9540786088,64938.18689577701,62758.81357093935,62538.88530566146,56821.650594880775,.020489222642695166,.03565906171912491,.0596492801884978,.0674275943607054,.11002026433193086,0,0,0,0,0,0,0,0,0,0,"34","029","1",4333.251,405.03,239.29,63.441,.21538447846540842,.042758446906560894,.6852309506334978,.6402432526151616,4.690978379516878,-1.121295242001099,20.986434710018727,-9.398776436508538,114.24681862606302,-25.80406232044202,"RESIDENTIAL","SUBURBAN",0,8720066.19572588,79218239.61604369,87938305.81176957,40734.34854393499,296666.7778954039,337401.1264393389,8272232.608799961,87490472.22484365,38621.10390963499,335287.8818050389,15401139.074203609,1415283.395,465394.9279999998,.0003288351503622353,1
"340310005","34031","340310005.1",13,"1",0,0,0,.08413103859692349,3.808588404075689,0,0,0,.0002964364108615,.040957320135728253,0,.171233,.589825,1.637519,4.084899,0,0,0,0,0,0,0,0,0,0,0,0,0,0,0,0,0,0,0,2.6753301119999997,0,0,2.6649096759999997,10.261530525999998,95.45986963499999,1.235263796,7.720397983999999,55.625159030999995,117.19278633399998,502.87872276200005,0,0,0,0,8.418013916,0,0,2.49147418,9.473122827999997,17.573021244999993,0,0,0,0,.6668999999999999,0,.035865388,10.391847972999999,33.711538614,151.59347347300005,1.235263796,7.6845325959999995,56.600259949999995,149.825287417,602.2063992359999,0,0,0,0,0,0,0,0,0,0,0,0,0,0,0,.005809116499279895,.03656925565180141,.35966390578287916,1.0103201066706242,3.9089940566640786,.0023947900708217503,.015004627141909551,.13933810540626848,.3777351161256581,1.407004580142573,.002439604855772801,.015291079865520859,.14265390622795912,.38580012042166845,1.430234301523371,95687,95402.31469300379,91715.50454976993,91546.75797907468,91682.47229807828,.09090909090909081,.08978354942931917,.07656863776484893,.0772719521654272,.07314776031545385,1.235263796,7.720397983999999,55.625159030999995,117.19278633399998,502.87872276200005,0,0,0,0,0,"34","031","1",1757.155,177.59,186.9,31.83,.14457491340515677,.45080753233297344,1.6506398193775491,-2.4298560904726996,15.176387228067108,-15.27229869686316,40.91404134655183,-32.38247348978792,193.70021720204824,-95.3513131280968,"COMMERCIAL","URBAN AND CENTER CITY",0,0,15234353.616302757,15234353.616302757,0,163829.280542913,163829.280542913,0,15234353.616302757,0,163829.280542913,336524.15438769397,2330443.596,107638.99199999998,4.6188198755272513e-05,0
"340390004","34039","340390004.1",16.3,"1",0,0,8.352638283157534,24.063277492541562,53.57570463159804,0,0,.32652747247936825,.9709484694867728,2.177108336635767,0,0,1.4466599999999996,4.155863,9.643781,0,0,0,0,0,0,0,0,0,0,1.235263549,7.7106817450000005,55.59725222999999,136.64217346,430.0023074099999,0,0,0,0,26.348182094,0,0,0,.342259502,57.38291971099999,0,0,0,4.506686912,75.94754518,0,.009716486,2.756328575,2.7566956169999997,6.341820095,0,1.077277656,40.374549111,126.61935880099999,489.28944299299997,0,0,0,.24310876199999998,13.771957017,0,.040029561,9.186827597999999,21.309174366999997,110.94175923999998,1.235263796,6.603090766999999,19.922205147,44.83830668199999,189.73584875699993,0,0,0,0,0,0,0,0,6.8919999999999995,0,0,0,0,4,0,.007148531854889354,.04467831980485531,.3489475241744781,.6863920500902634,4.629595198734645,.0022001774244453506,.013751107582958898,.10781384480639138,.21496468175653852,1.6020371511152045,.0022983266032310166,.01436453989149238,.1127036240738743,.224977118947939,1.679170804413303,40714,40714,42524.095924259345,47119.470092380914,50943.438917844134,.3181272509003601,.31812725090036015,.31947350599105734,.32281454329664383,.37320244340878733,0,0,0,4.506686912,75.94754518,1.235263549,7.7106817450000005,55.59725222999999,136.64217346,430.0023074099999,"34","039","1",2573.389,269.42,211.06,328.44,.14457491340515677,.45080753233297344,1.7097394534514212,-1.8190839389595785,15.75958890701574,5.71195505832895,35.838478256986555,29.73250994340758,83.4122640770627,142.2866235044331,"INDUSTRIAL","SUBURBAN",1,33410553.132630136,180892265.39376202,214302818.52639216,1306109.889917473,7402323.456625595,8708433.346543068,33410553.132630136,214302818.52639216,1306109.889917473,8708433.346543068,96253109.97016625,533108.5049999998,235052.82600000003,.00044090991570280825,0
"340390006","34039","340390006.1",14.5,"1",.03250654117285975,.09745628048046075,.766886994295432,1.4570892101447177,10.619267642741905,.00042648856668200003,.001278634634034,.04156519132458401,.082390564424746,.2476997583257127,.064661,.193857,1.060292,1.7479809999999998,7.5775749999999995,0,0,0,0,0,0,0,0,0,0,0,0,0,4.1605588959999995,36.195079400999994,0,0,0,0,3.847161097,0,0,0,0,19.721287442999998,.565092034,5.634516576,40.659551296,126.49980437900001,491.7367901290001,0,0,0,0,0,.007355906999999999,1.105131846,1.876117646,9.516364376999999,59.819868641,0,0,0,0,0,.040501084,.4446,3.3296938739999997,8.682810266000002,31.36340643799999,1.187406558,6.170666137999999,64.277769842,174.81077298099999,680.8565206039998,0,0,0,0,0,0,0,0,0,0,0,0,0,0,0,.03445179977340385,.23897557555518995,2.076417785975679,5.80708873905292,22.901334296110033,.013720560763702918,.09769877211953838,.8324794874586502,2.247985535314879,8.236297366368218,.01455222774467112,.1025183638612748,.8684149521739293,2.34287990755937,8.616206569568478,35131.795274529366,37369.90251466951,38199.69128897948,38417.65516996563,45881.52089210075,.5971336587763394,.5606151366133538,.5241975836339264,.551421907649851,.518715464002585,.565092034,5.634516576,40.659551296,126.49980437900001,491.7367901290001,0,0,0,4.1605588959999995,36.195079400999994,"34","039","1",2573.389,269.42,211.06,328.44,-.12373737065312684,.11765880201564653,-.4165812998521872,-.2272340436690919,-7.872286155953571,-4.153727527267664,-17.840724657862214,-12.832651773464407,-40.42329776294114,-63.559166998940576,"RESIDENTIAL","URBAN AND CENTER CITY",0,2937521.812490289,39409522.5937859,42347044.40627618,164554.81103160803,824538.2680045147,989093.0790361228,2677722.855259885,42087245.44904578,161146.2267622,985684.4947667147,5698330.675887432,828128.4459999993,1928375.6859999998,.002328594912195543,1
"340410006","34041","340410006.1",13.6,"1",0,0,0,.6375904659336352,3.9683797536461234,0,0,0,.008542725152346001,.06151146205861925,0,0,.389946,1.337571,4.374898,0,0,0,0,0,0,0,0,0,0,0,0,0,0,0,0,0,0,0,0,0,0,0,0,0,0,0,0,0,0,0,0,0,0,0,.11479497899999999,.8042339759999999,20.608055728000004,42.854337721,127.95551024100001,0,0,0,0,20.324375487,1.118939393,6.126659629999999,24.845002338,58.785784369000005,136.22193655199996,.0015291769999999998,.7895046249999998,24.030524037,91.36982701599999,419.49961398799996,0,0,0,0,.029842787,0,0,39.541,39.541,0,0,0,1,1,0,.009341522759883144,.058384511645552944,.6065241389508303,1.633643471086079,6.0905840697127696,.0034750464666765297,.021719038332145696,.22883934510468892,.6228981700853863,2.373978370965397,.0036885669869024303,.02305354145547262,.25202209432396316,.6888744520852034,2.609093717452214,51250,51250,46767.99186207526,47922.982742851185,43900.997650519224,.05597667638483967,.05597667638483959,.07805296344904245,.07703393041631083,.06977154454473314,0,0,0,0,0,0,0,0,0,0,"34","041","1",1335.989,55.65,117.47,228.031,.1413807701863769,.09998741881136505,1.11557309393889,-.33908982711001096,10.710554829920587,.37274185817022487,28.69298677332353,-3.683653769166019,99.71380283762143,-10.090024231313294,"RESIDENTIAL","SUBURBAN",0,0,15873519.014584493,15873519.014584493,0,246045.84823447702,246045.84823447702,0,15873519.014584493,0,246045.84823447702,2550361.863734541,1186997.433,511381.57100000005,.0004308194413761635,0
"360050080","36005","360050080.1",16.4,"1",0,.0866943301813285,2.1845915504411773,4.796542496582646,21.98880935230189,0,.0021605741469557503,.05631087761234651,.12063945723721427,.6224230514964108,.10866100000000001,.5463040000000001,4.311307,9.548059,36.038624999999996,0,0,11.961471469999998,47.75052905999999,198.91066598000006,.06794475999999999,.77439687,8.82349702,17.812197519999998,57.353417289999996,0,0,0,0,0,0,0,0,0,0,0,0,0,0,0,0,0,0,0,0,0,0,0,0,0,0,0,6.692555402,18.515198052,74.907783119,0,.0031561659999999997,2.212254759,5.599909159,17.180622472,0,.563915079,14.206554999,40.396877911,107.80001902799997,1.235263796,7.153326739,46.372216695999995,128.497966207,572.151378227,0,0,0,0,0,0,0,0,0,0,0,0,0,0,0,.17611303487711602,1.1349351890424733,11.964875985918306,35.01089296082737,109.33430310769795,.0563321147415704,.3473795244118159,3.542060938860515,10.665796011553477,35.22448166462887,.05783564093574043,.3555485559129281,3.608282846237829,11.004604572171502,36.752678037081566,13144,13987.980385499775,21517.5092262826,20356.88874331215,20408.393751534324,.7855799373040753,.7804949206686151,.8086233873360017,.805068711606441,.8263466851742253,0,0,11.961471469999998,47.75052905999999,198.91066598000006,.06794475999999999,.77439687,8.82349702,17.812197519999998,57.353417289999996,"36","005","1",2261.696,218.33,338.27,37.399,-.3015018362289845,-.07789175617221995,-1.6914325562656163,.019532704701036963,-7.197650136767669,.8260845136580556,-18.079595251532233,.40568835932761754,-105.78757872476805,-25.0610347118021,"RESIDENTIAL","URBAN AND CENTER CITY",0,8738366.201764708,79216871.20744285,87955237.40920755,225243.51044938603,2264448.695536257,2489692.205985643,8391588.881039394,87608460.08848225,216601.21386156304,2481049.90939782,19186169.986330584,61104.415,2255297.926,.036908919363682645,0
"360050083","36005","360050083.1",14.3,"1",0,.11703014739183425,1.8836347154403217,5.231468063917615,23.740510623236226,0,.0020984857012962504,.028938616104959253,.07898297042074949,.23901996635050396,0,.074837,1.6668619999999998,4.654379,26.247145000000007,0,0,0,10.254782980000002,116.25921229000006,0,0,3.9979716399999994,10.979631649999998,36.09427796000001,0,0,0,0,0,0,0,0,0,0,0,0,0,0,0,0,0,0,0,0,0,0,0,0,0,0,.32908378099999996,10.302399145999999,22.687852043999996,57.543156761999995,0,0,0,.8892,1.344297006,0,2.025375794,29.437549167,85.918574807,230.85136674599997,1.235263796,5.365938656,29.743635024999996,83.514326701,482.30098826,0,0,0,0,0,0,0,0,0,0,0,0,0,0,0,.0003567633436338636,.0022297706836993544,.6547351665958343,7.094067933796346,52.255766239230226,.00013537894736106432,.0008461183397966299,.2159467670233417,2.437634569084952,17.2726735597959,.00013537894736106432,.0008461183397966299,.22221145591799862,2.5377122683998885,18.053217862440604,31250,31250,30029.064444253334,28232.459323558185,27508.82346057561,.893939393939394,.8939393939393939,.606879194267022,.6162588337454097,.6193509232052236,0,0,0,10.254782980000002,116.25921229000006,0,0,3.9979716399999994,10.979631649999998,36.09427796000001,"36","005","1",2261.696,218.33,338.27,37.399,.14457491340515677,.45080753233297344,1.486695579450962,-1.7327321080657376,12.610686516934226,-5.736413528123948,20.439315466441915,-5.585523669681201,15.899350168711537,-31.63888024016035,"COMMERCIAL","URBAN AND CENTER CITY",0,7534538.861761287,87427503.63118361,94962042.4929449,115754.46441983701,840325.4009821789,956079.8654020159,7066418.27219395,94493921.90337756,107360.52161465201,947685.9225968309,20925872.255670458,712917.037,1239718.543,.0017389380231629954,0
"360050110","36005","360050110.1",15,"1",0,0,.22534740613628101,8.500357522415836,29.357520009738614,0,0,.003041596900485,.15103993214874623,.5189163968764764,0,.070988,1.6176599999999999,11.724046000000001,39.915287999999975,.06641829999999999,1.3964762500000003,26.888750980000005,52.46318779,153.71591014,0,.02377622,1.37811921,16.576834429999995,163.06430438999993,0,0,0,0,0,0,0,0,0,0,0,0,0,0,0,0,0,0,0,0,0,0,0,0,0,0,.12079559699999999,3.9071151599999996,38.833940209999994,274.832077325,0,0,.15207468899999999,.15207468899999999,2.107757951,0,0,0,1.6007815589999996,11.982083867,1.235263796,7.599602386999999,65.42439250099999,152.42315413,483.1178841969999,0,0,0,0,0,0,0,0,0,0,0,0,0,0,0,.1265651125166295,.7681124389951025,8.878396711761889,20.24448338612533,52.68778038897568,.0385437891091314,.23590172147169908,2.7558844586891635,6.29089326587396,16.88640671298487,.0431464054805007,.2672643433848095,2.929852646494265,6.679284652178929,18.01429155979727,25266.437973448876,24942.4435448534,23275.73629232753,21161.17215055141,17881.49135021956,.7161648235809994,.7275068121516951,.7633080418461466,.7623986650090648,.7600606631197084,.06641829999999999,1.3964762500000003,26.888750980000005,52.46318779,153.71591014,0,.02377622,1.37811921,16.576834429999995,163.06430438999993,"36","005","1",2261.696,218.33,338.27,37.399,-.3015018362289845,-.07789175617221995,-1.8361267564684967,.07963635532676662,-12.870254475737747,-.8671778497769032,-23.280374178162177,3.586509764546552,-69.11982440799375,42.997491935724305,"RESIDENTIAL","URBAN AND CENTER CITY",0,901389.624545124,116528690.41440932,117430080.03895445,12166.38760194,2063499.1999039655,2075665.5875059054,901389.624545124,117430080.03895445,12166.38760194,2075665.5875059054,34001430.08966334,143358.96400000004,1812583.8869999999,.012643673171354666,0
"360050112","36005","360050112.0",15.1,"0",0,0,.3046333394707982,5.518197006956725,12.042827317478485,0,0,.00764284653709975,.09555355707748049,.1420087550701415,0,0,1.985355,6.530345,13.316252999999996,.18147584,1.89880262,26.492849500000002,56.253664610000016,157.79203752,.0023959,.02377622,1.6012269000000001,12.841124919999999,155.22554202999999,0,0,0,0,0,0,0,0,0,0,0,0,0,0,0,0,0,0,0,0,0,0,0,0,0,0,.383772792,4.031060254,32.693552814,259.966903495,0,0,.15207468899999999,.15207468899999999,2.107757951,0,0,.151141276,1.85672617,12.225522374000002,1.235263796,7.336625192,65.149306131,158.307597409,497.73961927299996,0,0,0,0,0,0,0,0,0,0,0,0,0,0,0,.13116668726906158,.8262388403574332,8.577269728103262,20.527660579906687,54.10702660405066,.0395470376851999,.25408349002056113,2.6851383521918684,6.376151382091097,17.35765419198954,.04362840456374366,.28118118177701223,2.8630340021666867,6.773360861610966,18.524561764998424,25673,25517.07879744843,22957.463939496396,21969.026126117336,18366.780981284108,.7027677496991577,.713698997047452,.7645626652732547,.7639369960595903,.761531797083073,.18147584,1.89880262,26.492849500000002,56.253664610000016,157.79203752,.0023959,.02377622,1.6012269000000001,12.841124919999999,155.22554202999999,"36","005","0",2261.696,218.33,338.27,37.399,-.3015018362289845,-.07789175617221995,-1.7007285917661794,.14386063738293786,-13.225559132339043,-.5699844850830357,-25.415678837843817,1.2709852995411342,-73.76318794178195,36.46494427684324,"INDUSTRIAL","SUBURBAN",1,1218533.3578831928,46952775.91203075,48171309.26991394,30571.386148399,537463.634132167,568035.020280566,1218533.3578831928,48171309.26991394,30571.386148399,568035.020280566,22072788.027826898,144591.48800000004,1870548.6709999999,.01293678277244093,0
"360050113","36005","360050113.0",15.5,"0",0,.7659208343421986,7.44913656101896,15.066379159481402,56.72447010726571,0,.01565200315765275,.17853810827439404,.3502487587366081,.865810072990657,0,.506978,5.278010999999999,11.024097000000001,48.159122000000025,.042810039999999994,2.07950288,18.38911048,33.50527829999999,125.29117237000004,0,0,10.281147759999996,57.14958300999999,196.23052826,0,0,0,0,0,0,0,0,0,0,0,0,0,0,0,0,0,0,0,0,0,0,0,0,0,.18322188299999997,2.0992989420000003,17.404971584,75.828900706,255.530525133,0,.063401689,.6188261429999999,6.2966400899999995,65.35858503199998,0,0,1.032959681,6.667631125999999,31.863200316999997,1.052041913,5.557697599999999,50.426824942,104.216778419,394.6288478210001,0,0,0,0,0,0,0,0,0,0,0,0,0,0,0,.14711483556193128,.7926268166302967,5.510419347933228,11.900756016592517,44.233360364769624,.056598494314364756,.30335722409884497,2.0757210479535697,4.256833880790789,15.175514757353724,.06290357597723732,.3381366991222006,2.3245463466669256,4.747789938882705,16.409315346274937,21466.158695702594,21789.80096275125,20757.117080215347,14807.667255486438,12905.745574487422,.7730181461581602,.7726123393941745,.7595894861528318,.7385362843137006,.7776444059422124,.042810039999999994,2.07950288,18.38911048,33.50527829999999,125.29117237000004,0,0,10.281147759999996,57.14958300999999,196.23052826,"36","005","0",2261.696,218.33,338.27,37.399,-.19845719010394183,-.09644215922697909,-.6113612176322444,.43148740698378485,-7.488906764202304,4.0925594037488375,-7.772523860188073,19.280842703165316,-43.70919903114566,53.34689431569887,"RESIDENTIAL","URBAN AND CENTER CITY",0,29796546.244075842,197101334.184987,226897880.42906284,714152.4330975761,2749087.858865052,3463240.2919626283,26732862.90670705,223834197.09169406,651544.4204669652,3400632.279332017,60265516.63792561,98644.12299999999,1499043.5200000005,.015196480787811358,0
"360271004","36027","360271004.1",11.7,"1",0,.030877991177270997,.5996693701722894,2.1431140842832597,9.673936925926373,0,.0005688540666914999,.006773892341332001,.024244002867751253,.13660104255019098,.13815,.555744,2.3761870000000003,6.209540999999999,21.207109999999997,0,0,0,0,0,0,0,0,0,0,0,0,0,0,0,0,0,0,0,0,0,0,0,0,0,0,0,0,0,0,0,0,0,0,0,0,0,0,0,4.547384361,0,0,0,0,0,.121634903,.787246798,7.875325769999999,10.078295057999998,28.529195551999997,1.1136288929999998,6.933151432999999,61.60825658,182.93165503599997,738.9632212039996,0,0,0,0,0,0,0,0,0,0,0,0,0,0,0,.01622187004518073,.11190563196674792,1.0715911491164685,3.0992518520904966,10.648481267820523,.006031793932292553,.041199923477301885,.39342862434384324,1.1526161405667166,4.129789614895345,.006564907032368915,.04472654769093881,.4260885050659505,1.2585992684591758,4.543421506036893,22750,24067.921947384544,25663.400230474526,36108.336874744695,45231.976712873955,.35230618253189405,.3890395554914616,.4044570373908559,.3981766142950069,.42706771181226677,0,0,0,0,0,0,0,0,0,0,"36","027","1",4021.755,150.61,204.03,7.459,-.13906971652344574,.08588967936618135,.38870460488705555,-1.3990343335066941,8.035582121254903,-13.196019219280048,20.68630212881465,-33.954241702716814,114.55791898719298,-115.56135915871072,"RESIDENTIAL","URBAN AND CENTER CITY",0,2398677.4806891577,36297070.22301633,38695747.70370549,27095.569365328003,519308.60083543597,546404.170200764,2275165.5159800737,38572235.73899641,24820.153098562005,544128.7539339979,8572456.337133039,2109800.966,881952.9659999987,.0004180266196730895,0
"360470011","36047","360470011.1",16,"1",0,0,.3452753625285775,2.3567510003184973,17.405241905553936,0,0,.01072240069419475,.064040460237068,.279505288296123,.079844,.199657,1.078954,4.161093999999999,22.896379999999994,0,0,.7104535099999999,14.671498659999997,117.33541599,1.23526182,7.720397489999999,48.37239601999999,91.84450469999997,307.47211339,0,0,0,0,0,0,0,0,0,0,0,0,0,0,0,0,0,0,0,0,0,0,0,0,0,1.176840145,6.159199656999999,45.64039373399999,114.241594272,342.714385104,0,.121648488,1.4287655719999999,3.97871305,34.262374795999996,0,.7210043620000001,2.027967071,3.6148032569999997,7.175649858000001,.058423404,.71854523,20.386455725999998,71.174839021,387.887389383,0,0,0,0,0,.459,.459,.459,27.730999999999998,0,1,1,1,2,0,9.825495292150824e-06,.004219524661283897,.2636498181204424,4.443823063534405,27.22199885544479,9.825495292150824e-06,.001536120690308321,.09435792563451116,1.716203970947072,10.836809750764026,1.9650990584301648e-05,.0017597068295959791,.10463428518939856,1.8097417816045285,11.443493322650115,0,1584.4377313746006,10212.981737147193,15899.906839035199,30406.703923279296,0,.24096385542168666,.24541234125780578,.20323107862998124,.1930640711916151,0,0,.7104535099999999,14.671498659999997,117.33541599,1.23526182,7.720397489999999,48.37239601999999,91.84450469999997,307.47211339,"36","047","1",4364.319,411.36,646.76,273.221,.3814551539067232,-.17203604744450418,1.909363770029208,1.2877446232409215,10.244382953578917,10.604837418857548,11.321161956114246,30.48582425496832,-47.270764785444236,79.22273440475541,"INDUSTRIAL","URBAN AND CENTER CITY",1,1381101.45011431,68239866.17210144,69620967.62221575,42889.602776779,1075131.5504077128,1118021.153184492,1381101.45011431,69620967.62221575,42889.602776779,1118021.153184492,9427004.00127399,69842.98700000001,1500551.3020000001,.021484638135536787,0
"360470052","36047","360470052.1",16.4,"1",0,.292458581786144,8.286448731651825,17.162012012429706,37.369013655085055,0,.00551779215487575,.131275422504243,.2775932652679367,.597578747255525,0,.294137,6.665847,14.987439999999996,39.40251899999998,.10827245,2.4922793999999993,27.12840273,63.03953019,220.92525481000013,0,0,5.55683804,30.688164259999997,217.40049812,0,0,0,0,0,0,0,0,0,0,0,0,0,0,0,0,0,0,0,0,0,0,0,0,0,1.1916833629999999,3.2126292119999995,7.239802920999999,28.511768467000003,195.81392225199997,0,0,0,0,8.572158712,0,0,0,.765468067,18.115804486,.043580432999999995,4.507768772,62.243778935,163.73271405399998,541.425882387,0,0,0,0,0,0,0,0,0,0,0,0,0,0,0,.11397510967834512,.7772049565130753,8.226649073068668,18.090260567436278,57.06275006035315,.03286119297827561,.2274182296125501,2.443639532359825,5.560280751596304,17.791864047452357,.034839929510424424,.23872320028558233,2.520677756940479,5.772205185351419,18.515175582305684,19361.49686866885,23292.827966233897,31561.319697506864,34533.39786308536,33120.80569038144,.6561557861711815,.6508886111218504,.6667896034801843,.6269856097978924,.5929756172414979,.10827245,2.4922793999999993,27.12840273,63.03953019,220.92525481000013,0,0,5.55683804,30.688164259999997,217.40049812,"36","047","1",4364.319,411.36,646.76,273.221,.3687051741063248,-.1985444114956063,-.24424500780229683,.8347238607681097,-13.049951430349338,1.0877002435763814,-32.78299447786432,1.8779888958851447,-95.4322355772945,12.684263802451234,"RESIDENTIAL","URBAN AND CENTER CITY",0,33145794.926607303,116330259.69373292,149476054.62034023,525101.690016972,1865213.299005128,2390314.9890221,31975960.59946273,148306220.29319566,503030.52139746904,2368243.820402597,68648048.04971883,87674.18600000002,2104333.435,.024001744766697915,0
"360470076","36047","360470076.1",14.8,"1",0,.0810111282017445,.867092238390466,4.307300417649163,27.59482573574424,0,.0016011833288295003,.01390243773254575,.05005182363146701,.32199273156372105,0,.280137,3.186428,9.778067,37.58880500000001,.406068,2.27668298,37.32212731000002,101.27296152999985,278.03678006,0,.006028281999999999,.9349666299999998,4.06434548,52.11868453999999,0,0,0,0,0,0,0,0,0,0,0,0,0,0,0,0,0,0,0,0,0,0,0,0,0,0,0,0,.543581545,91.354778294,0,0,0,0,1.031722458,0,0,0,.15203739199999997,87.30014164299999,1.235263796,7.720397983999999,69.483581856,192.314330416,592.3531572400001,0,0,0,0,0,0,0,0,.812,0,0,0,0,1,0,.11320598462895502,.7065778557500748,6.6647157363525436,18.1642159338025,54.327762037041325,.05260664266495476,.33120592901928275,3.199227210867345,8.630287478593738,25.311008791173055,.05550834884467129,.3487455970831498,3.354746619478513,9.028205547071238,26.501985308010813,129620.65234865832,123773.06898632715,97991.523257406,96837.39141320482,65882.61507955653,.2033664937583115,.19189412672361353,.18344472655345836,.2050879213341896,.2822150541960142,.406068,2.27668298,37.32212731000002,101.27296152999985,278.03678006,0,.006028281999999999,.9349666299999998,4.06434548,52.11868453999999,"36","047","1",4364.319,411.36,646.76,273.221,-.3015018362289845,-.07789175617221995,-1.7921874259980035,-.02424770543800381,-16.560591965709275,-1.0649377450379962,-45.64306843105401,-7.739558350999783,-114.54984908761732,-23.934057885020778,"RESIDENTIAL","URBAN AND CENTER CITY",0,3468368.953561864,106910933.98941511,110379302.94297697,55609.750930183,1232361.175324701,1287970.926254884,3144324.440754886,110055258.43016998,49205.017614865,1281566.1929395662,17229201.67059665,52210.99,2345979.93,.044932684287350234,0
"360590005","36059","360590005.0",13.2,"0",0,.5004238662721953,2.5656730223512794,4.878391173934516,11.706468173171386,0,.00462613824717,.02233602298127575,.0404555816193795,.09408972199315124,0,.18498699999999998,1.367519,2.9768209999999997,10.501127999999998,0,0,0,0,0,0,0,0,0,0,0,0,0,0,0,0,0,0,0,0,0,0,0,0,0,0,0,0,0,0,0,0,0,0,0,.024319867,1.4021992399999998,20.68143103,59.751146078,201.69379356099998,0,0,0,0,.15207468899999999,.529938006,1.865476392,26.135064565999997,76.023762711,249.203158243,.6810056760000001,4.452722351999999,22.667086507,57.235042787000005,320.99078153999994,0,0,0,0,0,0,4.528,4.528,4.528,0,0,5,5,5,0,.0006697149388002883,.004179070624180221,.08153734960561235,.5239395711278356,3.872836510601428,.0002108078687297805,.001315235567995648,.028075779370004744,.1897303264286961,1.377211245010843,.00021909249262152628,.0013671029339760018,.02888381288773237,.1940576014555652,1.4109220461245737,78240.43709323688,78250.68103753976,76716.2506528455,73341.11025025055,71290.24704210527,.11891727261654567,.11903405309736118,.15145767098437815,.14915266210377812,.17906610044852111,0,0,0,0,0,0,0,0,0,0,"36","059","0",7318.861,480.57,361.3,191.203,.1362825742085652,.2995202344924691,1.5634400544034885,-1.17006434441581,12.7578751371112,-.5825599617941518,34.715004317847836,6.2435832358844445,128.6372432908644,27.895080650826735,"COMMERCIAL","SUBURBAN",0,10262692.089405118,36563180.603280425,46825872.692685544,89344.091925103,287014.79604750196,376358.88797260495,8260996.624316337,44824177.22759676,70839.53893642299,357854.3349839249,19513564.695738066,1136993.474,162564.34600000002,.00014297737825010598,0
"360590008","36059","360590008.1",12.4,"1",0,0,1.1628450134182327,6.4470604719107225,16.26066401477776,0,0,.0048941996953775,.0360223846467395,.09227917916082226,0,0,.47293,2.144429,9.001531999999997,0,0,0,0,3.1115824999999995,0,0,0,0,1.9773214499999998,0,0,0,0,0,0,0,0,0,0,0,0,0,0,0,0,0,0,0,0,0,0,0,0,0,.804679564,5.310264609,16.339224628999997,51.52324213399999,183.84521022399997,0,0,7.0592681509999995,11.971177088,25.257342409,.403835367,.6018182169999999,5.425632875,16.850553654999995,92.65475213799999,.026748865,1.8083154049999999,40.659457436,112.664978452,455.8814140269999,0,0,0,0,0,0,0,0,.006,0,0,0,0,1,0,.012898773519943141,.08061732676203326,.5972793842884221,1.5051273270963366,6.26940895829972,.004271562547673478,.026697263360569032,.19869223286998977,.49559339291411997,2.0990922119801056,.004422917126134349,.027643229385156124,.2053994183169006,.5105016713743571,2.1547724125820724,56250,56250,58897.00592177212,72360.5526868465,79410.4499900568,.08921438082556582,.089214380825566,.10555995000015944,.09613419488402064,.09262687538046767,0,0,0,0,3.1115824999999995,0,0,0,0,1.9773214499999998,"36","059","1",7318.861,480.57,361.3,191.203,.2964953473063125,-.08054855228427457,1.7509952456377231,.8226894912522872,11.778498958660315,-5.0321774306345315,31.283875554262817,-6.738082445159811,81.25374998298334,.8827825554151748,"RESIDENTIAL","SUBURBAN",0,4651380.05367293,60391276.005438104,65042656.05911104,19576.79878151,349539.91786177905,369116.716643289,4651380.05367293,65042656.05911104,19576.79878151,369116.716643289,25788241.88764289,1156175.4,689498.3409999998,.0005963613661041394,0
"360590012","36059","360590012.1",12.5,"1",0,.11419542503848851,.7954399629992921,3.7246340670418934,42.00266638542696,0,.0004250652669165,.003494739409191,.05335179114945275,.5485908515978818,0,.14669900000000002,1.192848,3.465228,23.126550000000005,0,0,0,0,0,0,0,0,0,0,0,0,0,0,0,0,0,0,0,0,0,0,0,0,0,0,0,0,0,0,0,0,0,0,0,0,.15207468899999999,.15207468899999999,5.588926798,50.38855550299999,0,0,0,0,0,0,.146672305,2.351886082,7.2350382909999995,88.72784832599997,1.235263796,7.42165099,66.97962157900001,180.185986487,632.9234019809999,0,0,0,0,0,0,0,0,0,0,0,0,0,0,0,.005236136772956853,.03272585168996918,.3259994947256871,1.144426492949648,4.455286547905228,.0016892934833061311,.010558083257303683,.10621492823086477,.38551788774251905,1.5393403767179359,.0016960237362276694,.010600147334026009,.10697427569242754,.3937660287965506,1.5771457824070885,137852,137852,139917.20976186031,126769.43115333586,124999.34128714271,.06274509803921556,.06274509803921566,.05985929022579537,.16767315058534324,.16881226342493053,0,0,0,0,0,0,0,0,0,0,"36","059","1",7318.861,480.57,361.3,191.203,.06958821038888602,.3619317580081099,1.337968033648353,-2.0979813263578713,11.39073800073899,-16.014353900986535,31.827458673355576,-36.266156407499345,128.02849115507485,-81.90788661091649,"COMMERCIAL","SUBURBAN",0,3181759.8519971683,164828905.68971068,168010665.54170784,13978.957636764,2180384.448754763,2194363.406391527,2724978.1518432144,167553883.8415539,12278.696569098,2192663.145323861,14898536.268167574,1934446.843,627996.0799999994,.00032463858196593484,0
"360610056","36061","360610056.1",17.9,"1",.15902495903615652,.6210428951418746,7.605511273807781,18.82753139957703,62.092269763523895,.0031529676341269996,.012676104426143999,.10189430018878573,.23606143810813057,.6635776939754148,.142726,.8387969999999999,6.744428999999999,18.650604999999995,56.012475,.07288228999999999,1.37182318,12.997280789999998,38.016088630000006,113.05830742700002,.02950415,.9924138899999999,16.956236309999998,44.45703847,155.54742748999993,0,0,0,0,0,0,0,0,0,0,0,0,0,0,0,0,0,0,0,0,0,0,0,0,0,0,0,5.164265379000001,20.512242698999998,137.42927502199998,0,0,0,0,18.378263721999996,0,0,0,.4446,4.915552928,1.235263796,7.720397983999999,64.31931623,172.05310640699997,535.3851002109999,0,0,0,0,0,0,0,0,0,0,0,0,0,0,0,.15996662914818455,1.1288415048580762,10.962613440976973,29.385665941857535,74.52918946725211,.11272318933206593,.7765489891109453,7.24248632539796,18.99519328962677,46.52771460131216,.1256025830575699,.868999946347386,8.244912154203066,21.797010209090974,54.76016299446346,143258,144932.8734844196,133842.5049509465,131133.88804912945,121658.1877757854,.115426497277677,.10836434065591055,.10135551351693496,.09396365501588357,.11730879090849455,.07288228999999999,1.37182318,12.997280789999998,38.016088630000006,113.05830742700002,.02950415,.9924138899999999,16.956236309999998,44.45703847,155.54742748999993,"36","061","1",3080.768,1170.81,418.13,316.632,-.3015018362289845,-.07789175617221995,-1.8983203703973428,.05013565853489614,-13.637018384506396,.23825954835924057,-36.03799670243658,-1.0843502487524248,-98.84568628276442,-2.2938072196324955,"COMMERCIAL","URBAN AND CENTER CITY",0,29785945.259086497,217947033.95886445,247732979.21795094,394965.3302186349,2246733.575146516,2641698.905365151,27937873.514663626,245884907.47352806,356872.7830505669,2603606.3581970828,74674025.76216349,43735.371999999996,2123815.641,.04856059395127587,1
"360610115","36061","360610115.0",17,"0",0,.1363540571577375,4.113875041895884,20.374675795011562,59.78597866899965,0,.0030916092200835,.07234330772649475,.5906931501647046,1.6326316841066157,.130447,.6059179999999998,5.864362999999999,18.426488000000006,60.080527000000025,.14613754999999998,1.25861073,8.56650587,22.713455570000004,163.14141532000005,0,.21477390999999998,4.6455611800000005,12.066498340000003,41.17671544999999,0,0,0,0,0,0,0,0,0,0,0,0,0,0,0,0,0,0,0,0,0,0,0,0,0,0,1.123696613,12.347841466999999,35.456090228,102.80354889999998,0,0,3.017924546,19.309802732999998,59.24414844399998,0,.21524913799999998,12.381210672999998,33.49115064099999,218.08687431700002,1.235263796,6.381452232999999,41.736605417,104.752905998,391.90523044400004,0,0,0,0,0,0,0,0,0,0,0,0,0,0,0,.12669910317298924,.7543737573302622,9.27236947555023,27.445885418935017,108.02325696082866,.03819786487085215,.23352382961498458,2.6146856881991347,7.874340220146803,35.071434363137676,.03930940200555715,.24296129635811692,2.76118922152756,8.195942013679314,36.481378853022726,13971.456794828626,12949.218028809977,14325.130302231506,16684.368267502054,23836.59292321211,.7539458305771731,.7072297349527705,.689921223539327,.7226395410708087,.6857297600806016,.14613754999999998,1.25861073,8.56650587,22.713455570000004,163.14141532000005,0,.21477390999999998,4.6455611800000005,12.066498340000003,41.17671544999999,"36","061","0",3080.768,1170.81,418.13,316.632,-.3015018362289845,-.07789175617221995,-1.241480115656995,.3157822196395554,-3.8909375036426397,1.9999969007084888,-9.188907313902545,7.2002211913670235,-43.37273726753552,12.815096248973802,"RESIDENTIAL","URBAN AND CENTER CITY",0,16455500.167583536,222688414.50841507,239143914.6759986,289373.230905979,6241153.505520484,6530526.736426463,15910083.938952586,238598498.44736764,277006.794025645,6518160.299546129,81498703.18004625,46663.181000000004,1539997.671,.03300241513753638,0
"360610117","36061","360610117.0",15.9,"0",.012646258873141,.12057409320558701,1.5943299262663866,3.2128845961602455,33.91631245516945,8.3126345085e-05,.0013860685958037502,.01730533136731075,.03262613753632226,.23745598720413794,.152808,.5722419999999999,4.010008,8.935968999999998,33.31084500000001,.059262709999999996,1.54030435,20.197577789999997,50.80882377999998,186.70858934,0,.04955067,3.0864255500000004,7.169918469999999,57.47666040999997,0,0,0,0,0,0,0,0,0,0,0,0,0,0,0,0,0,0,0,0,0,0,0,0,0,0,0,0,7.094545679,67.473137459,0,0,0,0,18.024613568,0,.14564824299999998,3.650296416,4.742701587,42.489405595,1.235263796,7.574749988,65.833285687,181.17270258099998,613.83878322,0,0,0,0,0,0,0,.83,71.93400000000001,0,0,0,1,2,0,.17596421656767555,1.1366006459355393,10.59424643871082,29.226942892875563,109.33005154544544,.06294333056076584,.47765657050939797,4.977949108649952,13.86051819242509,50.473853188796,.06709996559779755,.504704613120318,5.214695692841615,14.460996590202798,52.666169615309286,27679,35913.725238246734,39198.4782363053,34018.22122905088,35739.37645075707,.641764705882353,.5090951426672509,.4188634018527544,.44662836328781763,.471164211338955,.059262709999999996,1.54030435,20.197577789999997,50.80882377999998,186.70858934,0,.04955067,3.0864255500000004,7.169918469999999,57.47666040999997,"36","061","0",3080.768,1170.81,418.13,316.632,-.3015018362289845,-.07789175617221995,-1.8453449266708144,.044158528403430104,-15.182035622828035,-1.0980522589055797,-40.422436243779345,-5.4301300613697725,-124.72141060265798,-33.967168947184156,"RESIDENTIAL","URBAN AND CENTER CITY",0,6326734.669572983,129287930.11561224,135614664.78518522,68888.82008890301,880602.6233473087,949491.4434362117,5895023.3322431985,135182953.44785544,63677.051086028005,944279.6744333367,12800953.349148419,37282.66,2447894.6,.06565772399286961,1
"360610119","36061","360610119.0",15.1,"0",0,.43754523349645524,2.364937517489404,6.430459170564177,27.8757561811729,0,.0068053234059197495,.04328085481860125,.11153266967380555,.4224133378735096,.061638,.809601,4.653193,10.511557,39.864997000000024,.30194020999999993,1.70934374,10.235828199999998,37.982284209999996,164.16412870000002,0,.52379067,8.386099539999998,18.762268199999994,49.249137340000004,0,0,0,0,0,0,0,0,0,0,0,0,0,0,0,0,0,0,0,0,0,0,0,0,0,0,0,6.353896912999999,22.218905006999996,80.00487808300002,0,0,0,.692763617,6.9389206119999995,0,0,2.191997054,26.623761722999998,109.55490240499999,1.235263796,7.720397983999999,60.93768764199999,143.47452024099996,575.5411005109999,0,0,0,0,0,0,0,0,4.448,0,0,0,0,3,0,.1375963192345928,1.0088410752635684,7.2694698597004095,21.728855021716583,79.1556769399229,.06053411642002357,.43324107477603824,2.866457474084212,8.676552266105174,31.450197157396445,.07303348175589874,.5146629556140533,3.314249406074016,9.774723509175754,36.136740559550454,26750,24644.568940704885,23459.879616742306,37356.369274156896,38789.11314997426,.8838304552590267,.888445613658988,.8924867237177061,.8522584240540804,.7944585411287663,.30194020999999993,1.70934374,10.235828199999998,37.982284209999996,164.16412870000002,0,.52379067,8.386099539999998,18.762268199999994,49.249137340000004,"36","061","0",3080.768,1170.81,418.13,316.632,-.3015018362289845,-.07789175617221995,-1.8983203703973428,.05013565853489614,-11.957841191524594,.420844089257823,-22.876096454625433,.22067966345389822,-99.45624726989345,-25.525889204664736,"COMMERCIAL","URBAN AND CENTER CITY",0,9459750.069957616,102043274.65473399,111503024.7246916,173123.419274405,1516529.9322196334,1689653.3514940385,7709569.135971795,109752843.79070579,145902.125650726,1662432.0578703594,25721836.682256706,116681.72899999996,2213444.184,.01896992959368986,0
"360710002","36071","360710002.1",11.7,"1",.011276875656896,.0475676989019005,.44125939906872474,.9129771858102738,2.3013557686467916,8.27512976e-05,.0003490584562375,.00447370554542475,.009951599131929499,.026790721255285754,.044287999999999994,.18681399999999998,1.378822,2.522959,6.197572000000001,0,0,0,0,0,0,0,0,0,0,0,0,0,0,0,0,0,0,0,0,0,0,0,0,0,0,0,0,0,0,0,0,0,0,0,0,0,8.06802776,35.79548946999999,70.00988007,0,0,0,8.949357598999999,205.617568624,.15555689499999997,.716195519,15.841403045,40.70496743299999,128.46586040599996,1.0797069009999998,7.004202465,45.57415154499999,107.56013707399998,367.9464947340001,0,0,0,0,0,0,0,0,0,0,0,0,0,0,0,.029792676733083445,.16168847492896865,.9462185500631153,2.605382947883526,12.999579937091989,.008926210538705936,.04830607886764287,.2824326943290686,.7734843637179232,3.7765043977270953,.011321989990652983,.06167761368704606,.3677412221376033,.990577589015922,4.654033314601239,25592,26121.79065039298,26409.01531220811,25725.748562010696,28212.806568388543,.7994616419919246,.7988905513996999,.7569553626992109,.7239258112761757,.6821875909995642,0,0,0,0,0,0,0,0,0,0,"36","071","1",4560.59,159.58,263.54,906.661,-.1652826033923834,.04728148313489788,-1.2476445465229231,-.2637989228958571,-1.3391449852386765,-1.8360037690084325,2.5495714436056502,1.532682408534678,23.913279668649167,-.9693048525950558,"COMMERCIAL","URBAN AND CENTER CITY",0,1719930.0936473152,7440385.478312267,9160315.571959583,17563.816991299,89268.06283944401,106831.87983074301,1574766.800667297,9015152.278979564,16498.588356749002,105766.65119619301,3606801.240613511,486232.2490000005,1003429.673,.0020636839186699008,1
"360810094","36081","360810094.1",13.8,"1",0,.11119800026064125,.8911845799023912,1.9391538692550294,4.4028929335483316,0,.0012302159574264998,.01554526583597825,.035412491741266754,.087972693680218,0,.14455099999999999,1.590254,3.3401110000000003,8.119133,.07010107,3.733723629999998,42.42565860000005,82.72370365999998,148.21286450100004,0,.08212749999999999,2.8370666999999994,32.9271254,160.96784496,0,0,0,0,0,0,0,0,0,0,0,0,0,0,0,0,0,0,0,0,0,0,0,0,0,0,0,.6955265589999999,24.079153396999995,205.500209044,0,0,0,1.1854520469999998,16.011373624999997,0,0,.8274961889999999,14.541857004999999,105.62594478799998,1.235263796,7.720397983999999,67.960559602,152.789450684,335.139265357,0,0,0,0,0,0,0,0,0,0,0,0,0,0,0,.05314897805210009,.32182169848121817,2.58878842221343,6.127428515407645,13.85708057621081,.018051188647346457,.1095386779945507,.8970296731357448,2.109277131165989,4.677212007233166,.018961596422603928,.11474780394967878,.9338943971346401,2.203491005303514,4.883435472443999,55375,54571.04882496768,50912.14856784284,50237.26814105994,54193.88017440045,.29748427672955974,.3028254533348092,.3140825284517721,.32750671135101056,.3014609525845507,.07010107,3.733723629999998,42.42565860000005,82.72370365999998,148.21286450100004,0,.08212749999999999,2.8370666999999994,32.9271254,160.96784496,"36","081","1",4789.062,786.03,548.47,985.919,-.3015018362289845,-.07789175617221995,-1.1576597307639946,-.46895697806391745,-8.60861409298902,-4.909999478138176,-16.88190547949484,-3.841343484552832,-12.769473635200004,46.43768064699461,"RESIDENTIAL","URBAN AND CENTER CITY",0,3564738.3196095647,14046833.414583761,17611571.734193325,62181.063343912996,289709.711376959,351890.774720872,3119946.318567,17166779.73315076,57260.19951420699,346969.910891166,7756615.477020117,161707.73200000002,1195131.399,.007390688028448756,0
"360810097","36081","360810097.1",13,"1",0,0,.07255280458718076,.778004099591542,34.843510727764574,0,0,.0019198714571907502,.015841272215036752,.605023410224452,0,0,.84067,3.611902,24.864104,0,0,6.320683069999997,56.47028064599996,300.7070007500002,0,0,0,0,28.64537052,0,0,0,0,0,0,0,0,0,0,0,0,0,0,0,0,0,0,0,0,0,0,0,0,0,1.124657196,3.2677808539999997,22.601562594,37.277751042999995,104.41875550600001,0,0,2.7393987010000003,11.194889186,11.559600247,.028525535999999997,1.204103017,13.643493799,29.157350637999993,111.23373868100003,.08208081699999999,3.2485138659999997,30.499127502999997,115.37996095599996,544.827712858,0,0,0,0,0,0,0,0,0,0,0,0,0,0,0,.023101833101962982,.14433840347519258,1.3272323938748685,3.9702008737722494,15.199487879414967,.0076651515817973866,.04788461597822639,.4476770265876869,1.4652857340981351,5.593625481522898,.007824719116653616,.04888096583151026,.45680096135068826,1.5012625190457578,5.75686656976104,66683,66733.50637220753,67922.47005999586,64678.93127274715,59068.718311914796,.5320883745397159,.532077313634266,.5112993696363123,.43147577396210357,.4258796503173857,0,0,6.320683069999997,56.47028064599996,300.7070007500002,0,0,0,0,28.64537052,"36","081","1",4789.062,786.03,548.47,985.919,.3702220143222202,-.15195962935288682,1.7190209691779452,-.2605952584090291,13.970153746815095,-1.9117148415280707,30.901989168724203,-11.615533252108014,51.22685523307792,-35.60459285772668,"RESIDENTIAL","URBAN AND CENTER CITY",0,290211.218348723,139083831.6927096,139374042.9110583,7679.485828763,2412414.1550690453,2420093.640897808,290211.218348723,139374042.9110583,7679.485828763,2420093.640897808,3112016.398366168,1150531.4550000003,1055248.7589999998,.0009171837540069685,0
"360810116","36081","360810116.0",15.7,"0",.02920059222869975,.24313196646028876,1.0100382841793605,9.13940228749714,44.2995153678919,.00081793425570825,.00523317216944925,.02213774144822725,.09258482958987152,.47057839024389153,.154726,.627026,2.7919899999999997,11.059150000000004,43.24073800000002,.16471195,2.00320952,31.99971944000001,61.95391084999998,139.31651409,0,.08300929,5.52255938,30.807475140000005,171.16235006000002,0,0,0,0,0,0,0,0,0,0,0,0,0,0,0,0,0,0,0,0,0,0,0,0,0,0,.197605928,7.5653128590000005,49.564031959,292.84700231799997,0,0,0,.15203739199999997,2.698172672,0,0,0,5.963761647999999,113.11318909799998,1.235263796,7.522792056,61.91826899699999,137.330118601,363.38143505299996,0,0,0,0,0,0,0,0,0,0,0,0,0,0,0,.0999075332465821,.6882434926146572,5.609418770135473,14.245231625731227,42.22505234525648,.04176913796925442,.27971292159724126,2.2936463489954777,5.8986496969805895,16.076155689943167,.04408664762098794,.300434532312545,2.4289926433148734,6.1544532928844555,16.659828559485295,53137.70160133796,49193.433813139156,41949.754805850374,39397.108080274185,28687.00555455969,.4302319802190096,.4436283155743642,.4061170733988047,.4033783839880246,.4569589767214925,.16471195,2.00320952,31.99971944000001,61.95391084999998,139.31651409,0,.08300929,5.52255938,30.807475140000005,171.16235006000002,"36","081","0",4789.062,786.03,548.47,985.919,-.3015018362289845,-.07789175617221995,-1.7965796852953575,.09839497187894286,-12.995023495750369,1.241494516928544,-20.916866359202356,9.251627622560038,-26.749058103959694,67.69694828184971,"RESIDENTIAL","URBAN AND CENTER CITY",0,3923350.767802643,173157908.33485016,177081259.1026528,85279.228770076,1793762.595182657,1879041.823952733,3067625.270876287,176225533.60572645,67618.277115112,1861380.872297769,36440806.78107376,134453.244,1336726.655,.009941944241970093,1
"360810120","36081","360810120.0",15.1,"0",.0441151191714,.16824636082079,9.102305852663404,17.344212055350557,38.10614881514799,.0008730223370700002,.0033295349505145003,.07894617471005226,.14838627290865025,.35265944382999476,.128262,.390523,4.700144,9.393280000000004,25.489175999999997,.04289896,1.99689373,24.37926556,85.68639702999998,351.3512410199994,.33123441,.72978126,3.5025118699999997,8.64800352,61.99714573,0,0,0,0,0,0,0,0,0,0,0,0,0,0,0,0,0,0,0,0,0,0,0,0,0,0,0,11.22496934,22.827391483,57.06266618,0,0,0,0,0,0,0,.6199156599999999,.624132691,27.035298055999995,1.235263796,7.720397983999999,57.638696856,169.55842567300002,687.9418398449999,0,0,0,0,0,0,0,0,0,0,0,0,0,0,0,.061278753624265665,.3942627307321483,3.0929064261257175,7.83269740099126,28.002777868052334,.024093551242486886,.14932402434384018,1.1828039495014775,3.017801693800862,10.911656718528548,.025550804160380126,.15831106513829257,1.242581880556357,3.155903565117498,11.439064432375675,64432.22106817983,60948.237842627655,56486.14206684505,53700.77037004195,54770.70192446605,.2015668937085669,.1863847750991688,.16749041838586046,.16206754194436893,.19722577123402632,.04289896,1.99689373,24.37926556,85.68639702999998,351.3512410199994,.33123441,.72978126,3.5025118699999997,8.64800352,61.99714573,"36","081","0",4789.062,786.03,548.47,985.919,-.3015018362289845,-.07789175617221995,-1.8983203703973428,.05013565853489614,-10.727087565124421,2.1803295100373057,-33.01092566063205,-1.0880931660189261,-104.74471007846489,-55.77029028369804,"RESIDENTIAL","SUBURBAN",0,36232762.933968015,116015371.84993833,152248134.78390634,312292.60949192906,1094853.07647977,1407145.685971699,35736237.96737045,151751609.81730878,302466.55903815106,1397319.635517921,69200387.74471663,373649.442,2411540.193,.006454017916076535,1
"360810124","36081","360810124.1",14.2,"1",0,0,.656505849096945,2.4325554386385457,29.57025392359945,0,0,.019112962045299747,.043209937859097255,.33538804852192977,0,0,.58622,2.7690539999999997,18.520947,0,0,9.408264579999999,46.33196854000001,304.65623509099976,0,0,.07175103,1.7858840999999996,9.47503609,0,0,0,0,0,0,0,0,0,0,0,0,0,0,0,0,0,0,0,0,0,0,0,0,0,0,1.4333565609999999,26.814767316999998,49.51321763700001,94.23627362499998,0,0,0,0,0,.34391761299999996,1.3513295899999997,12.153817533,41.10139823399999,134.178939037,.8913461829999999,4.935711832999999,30.514997499999996,102.39533545799999,543.6245926540001,0,0,0,0,0,0,0,0,0,0,0,0,0,0,0,.0005746020840870025,.0035912626808561393,.5875640761219109,2.6960851702784354,19.846864142191823,.0001723806252261007,.0010773788042568418,.28924765506724054,1.044591836662542,7.509478545963623,.0001723806252261007,.0010773788042568418,.2991621533422465,1.0877180654547092,7.796928590586157,26250,26250,25504.78094962324,33350.14814069392,36966.65649441447,.62,.62,.19546454434162688,.36116840440887854,.44192706909518625,0,0,9.408264579999999,46.33196854000001,304.65623509099976,0,0,.07175103,1.7858840999999996,9.47503609,"36","081","1",4789.062,786.03,548.47,985.919,.13601649304514876,.36097877456138905,1.6117997236082382,-1.2844742157432965,10.274201579174003,1.6347222235990522,15.931102081129147,1.2866351697612475,-9.335780982887767,-29.2389282120466,"RESIDENTIAL","SUBURBAN",0,2626023.39638778,115654992.29801,118281015.69439779,76451.84818119899,1265100.34590652,1341552.194087719,2626023.39638778,118281015.69439779,76451.84818119899,1341552.194087719,9730221.754554182,693521.9010000003,1507387.381,.0021735252755918366,0
"360850055","36085","360850055.1",14.4,"1",.03518982085248,.10710603662790849,.326782507561541,1.234218255982083,10.514936505699543,.0005483437472400001,.0015944870178400002,.0047546596500770005,.021464175608325,.20028256430694402,.15605700000000003,.44978700000000005,1.8517670000000002,5.257775,22.232906999999997,.14085422,2.573154609999999,39.54855122399999,111.03462382999993,303.91347966199885,.31968221999999996,1.8322435300000002,4.7434176400000005,7.72520658,128.79119942,0,0,0,0,0,0,0,0,0,0,0,0,0,0,0,0,0,0,0,0,0,0,0,0,0,0,0,.706178681,2.3027076409999996,41.604412746,0,0,0,0,16.567366673,0,.15207468899999999,.15207468899999999,1.722065475,16.666003900000003,1.2352635489999997,7.568323542,68.62532922699998,188.985178954,696.06932915,0,0,0,0,0,0,0,0,0,0,0,0,0,0,0,.035248869093909244,.22537249148236094,2.1751103186398533,5.873370149844278,16.74354390688147,.01168972180084123,.07331471922210689,.6839158120554307,1.8673501683126954,5.497566951421913,.012089289098669237,.07594692583625609,.7202146626611763,1.9767912832734558,5.840127742273473,49678.47481957853,50390.48378387821,51136.27399312093,51492.59942477305,44929.83411065793,.2793146300469525,.29488704635647617,.35333222438249134,.3953459244746261,.42196716112132243,.14085422,2.573154609999999,39.54855122399999,111.03462382999993,303.91347966199885,.31968221999999996,1.8322435300000002,4.7434176400000005,7.72520658,128.79119942,"36","085","1",1929.535,143.52,106.52,240.668,-.2559481363527881,-.023900639244898624,-1.6757434602587236,-.0751840303478216,-10.854469968723377,-3.7957519522698298,-23.339567714814404,-15.88731949243594,-67.55226856150676,-67.43773937244076,"RESIDENTIAL","URBAN AND CENTER CITY",0,1166370.746836244,40752615.99255201,41918986.73938825,16825.263611348,782111.6186274681,798936.8822388161,878705.8837345301,41631321.87628654,12640.690528948,794752.3091564161,4796113.740518412,667300.0740000001,2150794.376,.003223129233460867,1
"360850111","36085","360850111.0",14,"0",0,0,0,0,7.622339621581524,0,0,0,0,.20933924314948027,0,0,0,0,4.140245,0,0,0,0,3.97525505,0,0,4.01042538,19.23769874,245.18476983,0,0,0,0,0,0,0,0,0,30.401358727999998,0,0,0,0,0,0,0,0,0,0,0,0,0,0,0,0,.5513393209999999,14.525852145999998,51.764243739,185.53493870599996,.331517966,3.1358349359999997,29.502260944,58.55794465299999,125.292629917,.903745583,3.8109242209999996,22.879511941000004,74.937414474,291.59025322700006,0,0,.6379565399999999,5.0904521460000005,73.26912015799999,0,.2223,1.938000779,2.659896811,7.202994980999998,0,0,0,0,0,0,0,0,0,0,7.785576828133397e-05,.00047655048967117027,.0036968286042132646,.00994129722232606,.21367762332044532,2.751798706495425e-05,.00016890777116931115,.001338688404865989,.003618150482876542,.07306749370260547,3.288735039470142e-05,.00020208787033699024,.0016150092407411043,.00437336793440656,.07752518714844146,37083,37981.71821590604,43866.288173129884,45038.595322598645,42928.81303575494,.15315315315315306,.15816708884942707,.19692196751503444,.20613884398347065,.12546676654231986,0,0,0,0,3.97525505,0,0,4.01042538,19.23769874,245.18476983,"36","085","0",1929.535,143.52,106.52,240.668,.1068925459214943,.11315951762648001,.9785604597065459,-.15963112313390876,11.318371334102395,2.603512419443165,31.524562372634648,17.3269716697816,76.42354052144977,86.06206845743284,"COMMERCIAL","SUBURBAN",0,0,30489358.4863261,30489358.4863261,0,837356.972597921,837356.972597921,0,30489358.4863261,0,837356.972597921,0,117098.365,179537.749,.0015332216551443738,0
"360850114","36085","360850114.0",14.3,"0",0,0,.2509345775842043,.4412839828733843,4.873471856748328,0,0,.003275601758352,.005751518694036,.10672795484953027,0,.13442400000000002,.9948040000000001,2.070452,11.895978999999995,.27608178,2.6095377100000015,39.296630490000005,113.12207591099994,302.02720735200035,0,0,3.3132481199999995,9.153190149999999,144.22504875999996,0,0,0,0,0,0,0,0,0,0,0,0,0,0,0,0,0,0,0,0,0,0,0,0,0,0,0,0,.7241879449999999,70.04151089,0,0,0,0,9.867954798000001,0,0,.470538458,7.051881616,30.03722120099999,1.235263549,7.720397984,69.013043398,185.233881768,634.521101721,0,0,0,0,0,0,0,0,0,0,0,0,0,0,0,.027044209918211867,.1694404038994608,1.546614273675993,4.641354488929975,16.27309987812104,.008345901340351404,.052066181989184855,.46527402005531854,1.4008624301849966,5.023291415840547,.009160135617458858,.05702495071946873,.5041713910456459,1.5081434560900697,5.381546945642489,41563,42302.106289754716,45950.012440551,44816.18371430714,47866.765044877946,.5396825396825397,.5363103756345203,.5203256730920207,.5675250595724173,.5530071952565705,.27608178,2.6095377100000015,39.296630490000005,113.12207591099994,302.02720735200035,0,0,3.3132481199999995,9.153190149999999,144.22504875999996,"36","085","0",1929.535,143.52,106.52,240.668,-.17326825266871906,.07409325017729468,-1.1482005514502427,-.4755864518975307,-3.7701912171594705,-8.05584782834011,-10.117477351812393,-21.139505183225207,-24.993217142080997,-53.24083440206076,"COMMERCIAL","URBAN AND CENTER CITY",0,1003738.310336817,18490149.116656493,19493887.42699331,13102.407033408,413809.41236471303,426911.81939812104,1003738.310336817,19493887.42699331,13102.407033408,426911.81939812104,1765135.931493537,825756.084,1743155.259,.002110980824453726,0
"361030001","36103","361030001.1",12.9,"1",0,0,.057714602694690496,2.705680374015838,10.664229179419747,0,0,.0009174355848354999,.022359946200013504,.10072579370898299,0,0,.08734099999999999,1.889152,9.508037999999999,0,0,0,0,0,0,0,0,0,0,0,0,0,0,0,0,0,0,0,0,0,0,0,0,0,0,0,0,0,0,0,0,0,0,0,1.061390616,7.278284039,50.126239033,122.28563166299999,330.430769812,0,0,.2223,.2223,.899965495,.15207468899999999,.15207468899999999,3.065481185,30.152986396000003,205.90748684999997,.021798491,.290039503,16.069562626,40.349034505000006,234.80158612299988,0,0,0,0,0,0,0,0,0,0,0,0,0,0,0,.001439992018659379,.008999949252810415,.08099954327529374,.2254004895867319,.9311300434209666,.0005263192712577213,.003289495129636634,.029605456166729705,.08223268957031975,.3098297173589268,.0005350730221310306,.003344206067343688,.030097854606093193,.08359819804182468,.31471000676820476,84432,84432,84432,84497.02091191027,85457.45637541672,.0658823529411765,.0658823529411765,.0658823529411765,.06666291407139807,.1050239353288513,0,0,0,0,0,0,0,0,0,0,"36","103","1",9063.754,1016.52,412.95,549.339,.3543257986223554,-.15114843477152395,2.037981257468213,1.725881130195698,16.418585961672537,9.687253518503756,36.12654352317393,29.191285269494355,84.51821135124462,87.7714875601675,"COMMERCIAL","RURAL",0,230858.410778762,42426058.306900226,42656916.71767899,3669.7423393419995,399233.43249658996,402903.174835932,230858.410778762,42656916.71767899,3669.7423393419995,402903.174835932,10822721.496063352,618013.1899999995,332600.51900000003,.0005381770557356556,0
"361191002","36119","361191002.1",12.8,"1",0,.07865232326738726,5.280115609365938,9.31785301873799,20.451774531280325,0,.00190032670243375,.24708879105116602,.43690322338544624,.9216918284809337,0,.21338200000000002,2.126944,3.7884320000000002,13.546306000000001,0,0,0,0,0,0,0,0,0,0,0,0,0,0,0,0,0,0,0,0,0,0,0,0,0,0,0,0,0,0,0,0,0,0,0,.042675672,1.5933061039999998,17.787502706999998,26.509290560999997,50.778742390999994,0,0,0,0,2.696241626,.08551090599999998,.257339914,8.790626506999999,36.097633949,122.13588420799988,1.107076971,5.869752213,42.905454124,130.40302756,596.428941043,0,0,0,0,0,0,0,0,0,0,0,0,0,0,0,.006214537934018188,.04798879321474801,.5218439673105073,1.7900093959241865,8.21169176436663,.0017055027677296772,.01513169391094146,.18989701001575646,.6917612122200821,3.2331631956739844,.0018176773809271325,.01597409964644664,.19871268203965725,.7210734388754755,3.3342636390326015,36831.26401980537,45635.25587816899,59941.56675118835,71534.79387013179,102635.35907863152,.6402062030382577,.5686506595282234,.42350424001894793,.3356700323010173,.20738865317752136,0,0,0,0,0,0,0,0,0,0,"36","119","1",4675.961,504.75,239.36,107.52,-.20758037323912662,-.019661258678125466,-.13539480161603085,-.16626299061618732,3.9111031267269762,-.6598167296466545,13.464700109703047,-11.237497983370064,123.08187612990147,-74.84050440346975,"RESIDENTIAL","SUBURBAN",0,21120462.43746375,60686635.68765755,81807098.1251213,988355.1642046641,2698412.1497190706,3686767.3139237347,20805853.1443942,81492488.83205174,980753.857394929,3679166.0071139997,37271412.07495196,1808104.7199999997,606587.3490000003,.00033548242106242626,0
